[0 0 0 0],[ 0.01077567  0.02495814 -0.01459775  0.01144875]
[3 0 0 0],[-0.49433397 -0.00252114 -0.03455993 -0.03604181]
[1 0 0 0],[ 0.15915295 -0.00983728 -0.00257256  0.07561091]
[4 0 0 0],[0.04289578 0.04752337 0.02175263 0.0451138 ]
[1 3 0 0],[-0.18255595 -0.2146594  -0.0617411  -0.06297671]
[4 3 0 0],[-0.00952488 -0.23068103  0.019418    0.01805443]
[3 3 0 0],[-0.41915851 -0.18500648 -0.07047014 -0.07468321]
[5 3 0 0],[-0.33090727 -0.44127493 -0.04146295 -0.04114904]
[3 1 0 0],[-0.15710602 -0.38438681 -0.04766216  0.01041964]
[3 4 0 0],[-0.14863483 -0.01235392  0.00448037  0.0402589 ]
[3 4 3 0],[-0.29024394  0.05516659 -0.33924926 -0.00124668]
[1 4 3 0],[-3.30576080e-01 -9.98871656e-02 -2.72240070e-01 -2.07830000e-05]
[0 4 3 0],[ 0.00178206 -0.04599608 -0.14122304  0.00291591]
[0 4 1 0],[ 0.07900237  0.18576821 -0.10600604  0.01528396]
[3 4 1 0],[-0.42247885  0.01157166 -0.19238189 -0.01998269]
[3 4 4 0],[-0.22466753 -0.06491254 -0.08400021  0.03929376]
[4 4 4 0],[-0.05071816 -0.03936253  0.06782546 -0.0039491 ]
[4 0 4 0],[ 0.06048275  0.08927362 -0.02398618  0.08884149]
[4 0 1 0],[ 0.04912007  0.2037937  -0.08491803  0.00877392]
[0 0 4 0],[ 0.10065437  0.08188771 -0.0027202   0.06495303]
[3 0 4 0],[-0.41904513  0.07281661  0.36031113 -0.00237019]
[1 0 4 0],[0.03469036 0.00945733 0.11892694 0.11109329]
[1 0 1 0],[-0.26032534  0.10072902 -0.02287924 -0.01077727]
[3 0 1 0],[-0.3859408   0.04182858 -0.37986095 -0.02506047]
[5 0 1 0],[-0.19023252  0.11487815  0.07088956 -0.00213031]
[1 0 3 0],[-0.1354117  -0.05564006 -0.38530056 -0.04199   ]
[6 0 3 0],[ 0.          0.00489971 -0.42785257  0.03000872]
[6 0 4 0],[ 0.          0.01416395 -0.06823864  0.04122301]
[6 0 4 3],[ 0.          0.02023235  0.01880144 -0.44592345]
[6 0 4 1],[ 0.          0.09294237  0.034745   -0.25216696]
[6 0 1 1],[ 0.          0.05866366 -0.16693379  0.04398119]
[6 0 1 5],[ 0.          0.11235064 -0.31479694 -0.14436992]
[6 0 1 4],[ 0.          0.00211783 -0.0088918   0.05454496]
[6 0 4 4],[ 0.          0.10732592 -0.08638397  0.00883954]
[1 1 0 0],[-0.03602236 -0.36327095  0.01383754  0.00626853]
[6 1 0 0],[ 0.         -0.04950924  0.02192065  0.12382147]
[6 5 0 0],[ 0.         -0.32951312  0.          0.04234869]
[6 4 0 0],[ 0.         -0.00927456  0.10903346  0.11818335]
[6 4 0 3],[ 0.          0.08651762  0.0587481  -0.33814917]
[6 4 0 1],[ 0.         -0.17187616  0.07709627 -0.12836135]
[6 1 0 1],[ 0.         -0.04695198  0.07452425 -0.11321526]
[6 1 0 3],[ 0.         -0.27400332  0.03217297 -0.32169555]
[6 2 0 2],[0.         0.01525744 0.         0.06558367]
[6 4 0 5],[ 0.         -0.01972942  0.05243787 -0.09910739]
[6 0 0 1],[0.         0.01896719 0.07890358 0.05050797]
[6 3 0 1],[ 0.         -0.19034909  0.01509384 -0.39379862]
[6 3 0 6],[ 0.         -0.28934207  0.00039623  0.        ]
[6 1 0 6],[0.         0.09449226 0.04915349 0.        ]
[6 6 0 6],[0.         0.         0.00761033 0.        ]
[6 6 3 6],[ 0.          0.         -0.37099971  0.        ]
[6 6 1 6],[ 0.          0.         -0.02330832  0.        ]
[6 6 5 6],[ 0.          0.         -0.12884879  0.        ]
[6 6 4 6],[ 0.          0.         -0.04643795  0.        ]
[6 6 6 6],[0. 0. 0. 0.]
[4 1 0 0],[-0.05961026 -0.03267149  0.00306221  0.13781428]
[0 1 0 0],[ 0.16274822 -0.24766292  0.00041737 -0.00665068]
[0 4 0 0],[ 0.05681051 -0.07426677  0.05146028  0.01628278]
[4 4 0 0],[ 0.04028691 -0.02895381  0.07937006  0.        ]
[1 4 0 0],[-0.16038211 -0.051474    0.00671917  0.0198027 ]
[0 3 0 0],[-0.03417269 -0.17614109 -0.02833775 -0.03465165]
[0 6 0 0],[0.02005185 0.         0.0125836  0.01204872]
[3 6 0 0],[-3.05871823e-01  0.00000000e+00  1.95246873e-02  1.31129115e-04]
[1 6 0 0],[-0.03153085  0.          0.07540576  0.01846338]
[4 6 0 0],[0.09207289 0.         0.05571065 0.18362266]
[5 6 0 0],[-0.2591887   0.          0.          0.10546175]
[6 6 0 0],[0.         0.         0.0905098  0.00750231]
[6 6 0 3],[ 0.          0.          0.10898928 -0.10858612]
[6 6 0 1],[ 0.          0.          0.11731844 -0.0985435 ]
[6 6 0 4],[0.         0.         0.02668842 0.31106222]
[5 0 0 0],[-3.25379993e-01  3.31438951e-06 -8.11408500e-04  2.60137210e-02]
[6 0 0 0],[0.         0.0142602  0.02026007 0.0206434 ]
[6 0 0 3],[ 0.          0.03429924  0.00055649 -0.21118309]
[6 0 3 3],[ 0.          0.05972583 -0.36092019 -0.14520596]
[6 0 3 1],[ 0.          0.03225698 -0.44036969 -0.2205606 ]
[6 0 3 4],[ 0.          0.01202577 -0.31860978  0.08304854]
[6 0 0 6],[0.         0.05624423 0.08170623 0.        ]
[6 0 3 6],[ 0.          0.07938187 -0.30483746  0.        ]
[6 0 1 6],[ 0.          0.07757513 -0.04465628  0.        ]
[6 0 5 6],[ 0.          0.01509991 -0.13305378  0.        ]
[6 0 4 6],[ 0.          0.27710064 -0.03228865  0.        ]
[6 3 3 6],[ 0.         -0.5032507  -0.14544397  0.        ]
[6 1 3 6],[ 0.         -0.00920618 -0.22142257  0.        ]
[6 1 1 6],[ 0.         -0.15351019  0.07472799  0.        ]
[6 1 4 6],[ 0.          0.06269692 -0.04147296  0.        ]
[6 1 5 6],[ 0.         -0.34461407 -0.24116454  0.        ]
[6 3 4 6],[ 0.         -0.24181264 -0.02523374  0.        ]
[6 3 1 6],[ 0.         -0.39335779 -0.03154726  0.        ]
[6 3 6 6],[0.         0.12552274 0.         0.        ]
[6 4 6 6],[0.         0.05597891 0.         0.        ]
[6 0 6 6],[0.         0.11806743 0.         0.        ]
[6 1 6 6],[0.         0.10979351 0.         0.        ]
[1 5 0 0],[-1.73351581e-01 -3.70581344e-01 -2.43944640e-04  1.17683211e-02]
[6 3 0 0],[ 0.00000000e+00 -4.95487678e-01  5.34293357e-05  9.52980849e-02]
[6 6 3 0],[ 0.          0.         -0.09728081  0.06617671]
[6 6 1 0],[0.         0.         0.00385848 0.17361727]
[6 6 5 0],[ 0.          0.         -0.04548491  0.00065211]
[2 2 0 0],[0.02064801 0.04014787 0.00101084 0.        ]
[1 1 3 0],[-0.20005813 -0.20017082 -0.30808082 -0.03016665]
[0 1 3 0],[-0.01600834 -0.40327908 -0.23385612 -0.03844059]
[0 1 1 0],[ 0.03381601  0.05421524 -0.06401432 -0.00846736]
[3 1 1 0],[-0.20083569 -0.13029296  0.15504897 -0.00949255]
[2 2 1 0],[0.05018663 0.00515005 0.00408815 0.        ]
[2 2 4 0],[0.03210146 0.         0.00167008 0.        ]
[1 1 4 0],[-0.17871734 -0.21555844  0.00176691  0.13958988]
[1 4 1 0],[-0.21842327 -0.06265274 -0.08168243  0.03754636]
[4 4 1 0],[ 1.9867150e-04 -9.0548980e-02 -2.3119804e-01  5.3310890e-02]
[0 0 1 0],[ 0.10320001  0.02198913 -0.28028222  0.01395789]
[2 0 2 0],[0.13039434 0.         0.02607057 0.        ]
[6 0 0 4],[0.         0.02381965 0.17529688 0.2833807 ]
[5 4 0 0],[-0.02923647 -0.08980279  0.07569495 -0.00018847]
[0 5 0 0],[ 0.01654546 -0.09752916 -0.0005475   0.        ]
[3 5 0 0],[-0.51210015 -0.17032289 -0.010672   -0.01548726]
[3 5 3 0],[-0.42206991 -0.2350693  -0.49685554 -0.11177211]
[1 5 3 0],[-0.30394278 -0.18348709 -0.31836894  0.07895085]
[5 0 3 0],[-0.19586718 -0.02066317 -0.11988117 -0.0164577 ]
[4 0 3 0],[ 0.03262834 -0.00084258 -0.19946767  0.01300016]
[5 0 4 0],[-0.27758501  0.01175522  0.13172624  0.        ]
[4 0 1 3],[-0.04997788  0.07152496 -0.20070726 -0.44305875]
[1 0 4 3],[-0.11455719 -0.02129006  0.00127779 -0.13920823]
[1 0 0 3],[-0.06167545  0.08112355 -0.04622667 -0.18492386]
[1 0 0 1],[-0.23784145  0.05872006  0.01041599  0.03086946]
[6 5 0 3],[ 0.         -0.20579977  0.         -0.44837907]
[6 5 0 1],[ 0.         -0.29189974  0.01084559 -0.26988683]
[6 5 0 5],[ 0.         -0.16665517  0.08142212 -0.16858352]
[6 5 0 4],[ 0.         -0.14373674  0.00676583 -0.06934059]
[6 4 1 6],[ 0.         -0.05866828 -0.21445443  0.        ]
[6 4 4 6],[ 0.         -0.06489498 -0.1412736   0.        ]
[6 4 0 6],[ 0.         -0.01538552  0.03669894  0.        ]
[6 0 0 5],[ 0.          0.          0.00013805 -0.0116324 ]
[6 3 0 4],[ 0.         -0.22406517  0.03083791  0.10190622]
[6 1 0 4],[0.         0.06233776 0.08232408 0.07377214]
[6 6 3 1],[ 0.          0.         -0.21222891  0.02592139]
[6 6 3 4],[ 0.          0.         -0.08238532 -0.00739614]
[6 6 3 3],[ 0.          0.         -0.14442867 -0.44946524]
[6 6 1 1],[ 0.          0.          0.17215733 -0.21793777]
[6 4 3 6],[ 0.          0.06435505 -0.58718932  0.        ]
[6 5 1 6],[ 0.         -0.2843719  -0.11455004  0.        ]
[0 0 0 3],[-0.03682604 -0.03609253 -0.03800071 -0.21078154]
[0 0 0 4],[0.02612086 0.03348457 0.0353901  0.01038104]
[3 6 0 3],[-6.16698640e-01  0.00000000e+00  2.15967318e-05 -5.97291731e-01]
[3 6 0 1],[-0.42412299  0.          0.03500948 -0.10921708]
[1 6 0 1],[ 0.0380619   0.          0.06887344 -0.08259839]
[4 6 0 1],[ 0.01897859  0.          0.06075564 -0.19157226]
[0 6 0 1],[0.05118361 0.         0.00747363 0.03638704]
[0 6 0 4],[0.08615061 0.         0.0180917  0.03551588]
[3 6 0 4],[-0.37948867  0.          0.01065444  0.00893669]
[1 6 0 4],[-0.25488354  0.          0.12311563  0.0561745 ]
[5 6 0 1],[-0.18948488  0.          0.00462833 -0.27142971]
[4 6 0 3],[ 0.02398011  0.          0.03609297 -0.34790819]
[1 6 0 3],[-0.03540715  0.          0.03208815 -0.49245326]
[0 6 0 3],[ 0.00155386  0.          0.13803467 -0.36247627]
[4 6 0 4],[-0.04798431  0.          0.01722067  0.02965317]
[1 6 3 1],[-0.24661946  0.         -0.0637707  -0.24102327]
[1 6 3 4],[-0.24295228  0.         -0.29046187 -0.07581254]
[4 6 3 0],[ 0.12129544  0.         -0.32902179  0.05421032]
[5 6 3 0],[-0.32959934  0.         -0.2933085   0.02877002]
[1 6 3 0],[ 0.01423527  0.         -0.29943535  0.03190439]
[6 6 4 0],[0.         0.         0.01505215 0.04552184]
[6 6 6 0],[0.         0.         0.         0.07076377]
[6 6 6 3],[ 0.          0.          0.         -0.22283843]
[6 6 6 4],[ 0.          0.          0.         -0.05922637]
[6 6 6 1],[0.         0.         0.         0.07391874]
[6 6 6 5],[ 0.          0.          0.         -0.08515645]
[6 6 4 1],[ 0.          0.          0.09854443 -0.16986543]
[6 6 0 5],[ 0.          0.          0.03409763 -0.25772692]
[6 6 1 3],[ 0.          0.          0.04448934 -0.47178819]
[6 6 2 2],[0.         0.         0.00642371 0.0322421 ]
[5 5 0 0],[-0.05201677 -0.21901497  0.00369598  0.        ]
[6 6 4 3],[ 0.          0.          0.0967252  -0.26763051]
[6 6 4 4],[ 0.          0.          0.17285209 -0.06549074]
[3 1 3 0],[-0.37285348 -0.46146741 -0.45003602  0.00148755]
[4 1 3 0],[-0.03071287 -0.12569529 -0.45035894 -0.00175271]
[4 1 4 0],[ 0.19199186 -0.12161635 -0.08091354 -0.00101185]
[1 4 4 0],[-0.13518032  0.00049132 -0.09610622  0.09855317]
[6 3 0 3],[ 0.         -0.54399994  0.01350934 -0.21262959]
[6 5 0 6],[ 0.00000000e+00 -1.18707171e-01  9.93116700e-05  0.00000000e+00]
[4 4 3 0],[-0.01362714 -0.12504544 -0.49592025 -0.01043389]
[3 0 3 0],[-0.52724877 -0.06688865 -0.35953567 -0.07627793]
[0 4 0 3],[ 0.01497559  0.00745713  0.00219214 -0.20810681]
[0 1 0 3],[-0.03523455 -0.06378967 -0.02526178 -0.36647047]
[0 1 0 1],[ 0.01663039 -0.25670782  0.01724335 -0.08807526]
[3 1 0 1],[-0.20458774 -0.22863049  0.01147257 -0.04751261]
[3 1 0 4],[-0.23491153 -0.14343268 -0.01739192  0.24404632]
[1 1 0 1],[-0.35511138 -0.2530044  -0.08053137 -0.14349141]
[4 1 0 1],[-0.0245357  -0.26039805 -0.01260185 -0.1901987 ]
[4 4 0 1],[-0.03045479  0.04019745  0.00462731 -0.09855084]
[3 4 0 1],[-0.32227291 -0.21959004  0.01338929 -0.1057184 ]
[1 4 0 1],[-0.25635414  0.07980488  0.04559063 -0.19794895]
[1 4 0 4],[-0.08581147  0.03198481  0.07325797 -0.11211155]
[6 4 0 4],[ 0.         -0.129534    0.00612163  0.08196636]
[6 5 3 6],[ 0.         -0.24196698 -0.43944027  0.        ]
[6 5 4 6],[ 0.         -0.18824938  0.06627661  0.        ]
[0 6 0 6],[0.02588769 0.         0.12604985 0.        ]
[3 6 0 6],[-0.28174974  0.          0.00421723  0.        ]
[4 6 0 6],[0.12952497 0.         0.05801458 0.        ]
[1 6 0 6],[0.28384608 0.         0.04522068 0.        ]
[1 6 3 6],[ 0.17429995  0.         -0.49023532  0.        ]
[1 6 1 6],[-0.09285162  0.         -0.23202771  0.        ]
[1 6 4 6],[-0.20960202  0.          0.08822355  0.        ]
[0 1 0 4],[ 0.03412456 -0.0311136   0.00914826  0.0034076 ]
[5 1 0 0],[-0.34063713  0.04953213 -0.00126557  0.16932763]
[6 6 1 4],[0.         0.         0.02350719 0.05399598]
[1 1 1 0],[ 0.05189598 -0.16948497 -0.22170925 -0.05340826]
[4 1 1 0],[ 0.05671417 -0.20265781 -0.14095556  0.16909307]
[4 4 0 4],[-0.10630118  0.11264237  0.23524906 -0.0808824 ]
[1 3 0 3],[ 0.23141976 -0.40517539 -0.10544914 -0.41835693]
[3 3 0 3],[-0.58135352 -0.18721326 -0.19248772 -0.64551331]
[1 1 0 3],[-0.29862209  0.01086504 -0.00106803 -0.40022807]
[1 4 0 3],[-0.19774458  0.02717172 -0.02047705 -0.24293008]
[6 1 3 0],[ 0.         -0.08292497 -0.10785456  0.01149835]
[6 1 3 3],[ 0.         -0.28794156 -0.40077909 -0.19376227]
[6 1 3 1],[ 0.         -0.31588345 -0.3993642  -0.05080088]
[6 1 3 4],[ 0.         -0.13768184 -0.41994523  0.09043755]
[6 1 1 1],[ 0.         -0.15413771 -0.11848438 -0.13838821]
[6 1 4 1],[ 0.         -0.11809826 -0.00632086 -0.12998932]
[6 1 4 4],[ 0.         -0.10032144 -0.11392604 -0.02958642]
[6 1 1 4],[ 0.         -0.06833626 -0.04520683 -0.15443316]
[0 0 3 0],[-0.03607506 -0.02842249 -0.19674324 -0.03777499]
[0 4 0 1],[ 0.01960897 -0.07298161  0.15615903 -0.15587427]
[0 4 0 4],[-0.00066689  0.07998918  0.16277399 -0.15462054]
[3 4 0 4],[-0.29694858  0.00935964 -0.01343642 -0.06914163]
[5 4 0 4],[-0.1        -0.05668533  0.          0.13075664]
[2 4 0 2],[0.11111948 0.         0.         0.00645154]
[1 1 0 4],[-0.23788076  0.06064604  0.00176919 -0.11375479]
[0 4 0 5],[-0.00016339 -0.06027032  0.00020282 -0.10912693]
[3 1 4 0],[-0.37819434 -0.16157529  0.01612642 -0.00296152]
[5 1 1 0],[-0.15890583 -0.07224014 -0.13789704 -0.00524081]
[5 1 4 0],[-0.18834555 -0.01987659 -0.08983384 -0.00200116]
[3 1 0 3],[-0.46247782 -0.38243202  0.03110481 -0.51861702]
[1 4 3 3],[-0.22504039 -0.01734251 -0.40301019 -0.33512917]
[1 3 3 3],[-0.4631844  -0.47859557 -0.26194542 -0.50706894]
[4 3 3 3],[-0.00869963 -0.38390533 -0.38371049 -0.50362457]
[1 3 4 3],[ 0.05748334 -0.15900352 -0.15346037 -0.39955843]
[4 3 4 3],[-0.01008925 -0.30868349 -0.1782612  -0.19571583]
[3 3 4 3],[-0.23760223 -0.35726911 -0.03411649 -0.4510732 ]
[5 3 4 3],[-0.17097552 -0.15271902 -0.02755925 -0.1895394 ]
[4 3 1 3],[ 0.31242729 -0.21639373 -0.25451826 -0.27252529]
[1 3 1 3],[ 0.11259605 -0.35026373 -0.22948179 -0.31282383]
[6 3 1 3],[ 0.         -0.20733991 -0.11030268 -0.36349534]
[6 3 1 1],[ 0.         -0.29150329 -0.25297516 -0.31423248]
[6 3 2 2],[ 0.         -0.18850202  0.00282952  0.04307131]
[6 3 1 4],[ 0.         -0.17143878 -0.22007678  0.01584966]
[6 3 1 0],[ 0.         -0.22378257  0.09819235  0.0170794 ]
[6 3 4 0],[ 0.00000000e+00 -3.20290860e-01  6.97224408e-05  2.23241543e-02]
[6 4 1 0],[ 0.          0.05960656 -0.1168079   0.04368843]
[6 0 1 0],[ 0.          0.00453511 -0.00089449  0.0293022 ]
[6 0 1 3],[ 0.          0.01277819 -0.07914586 -0.39177657]
[6 0 5 3],[ 0.          0.1        -0.31390665 -0.32342674]
[6 0 5 4],[ 0.          0.10046913 -0.16806299 -0.03423037]
[6 0 6 1],[0.         0.01430479 0.         0.28204847]
[6 0 6 4],[ 0.          0.03417667  0.         -0.1085993 ]
[6 0 6 5],[ 0.          0.18102253  0.         -0.10292446]
[6 3 6 4],[ 0.         -0.378473    0.          0.08865122]
[6 3 6 1],[ 0.         -0.23387607  0.         -0.2688109 ]
[6 6 1 5],[ 0.          0.         -0.33023101 -0.23760073]
[6 1 1 0],[ 0.         -0.26552907  0.17013155  0.02690281]
[6 1 4 0],[ 0.         -0.17324972  0.09686197  0.05631756]
[6 0 6 0],[0.         0.1251721  0.         0.00838413]
[6 3 6 0],[ 0.         -0.3133187   0.          0.00119991]
[6 1 6 0],[0.         0.25398526 0.         0.14629236]
[6 4 6 0],[0.         0.01536398 0.         0.23448716]
[6 1 6 3],[ 0.         -0.19722569  0.         -0.12551196]
[6 1 6 4],[ 0.         -0.23195031  0.         -0.11392066]
[6 1 6 1],[ 0.         -0.23878514  0.          0.19205031]
[6 4 6 3],[ 0.          0.01179282  0.         -0.33664353]
[6 3 6 3],[ 0.         -0.20885886  0.         -0.50040139]
[6 4 6 1],[ 0.         -0.08660506  0.         -0.0748526 ]
[6 4 6 5],[ 0.          0.09323572  0.         -0.07422235]
[6 4 6 4],[ 0.          0.04975331  0.         -0.1123188 ]
[5 6 0 3],[-0.3092314   0.          0.00646168 -0.5671051 ]
[5 6 0 4],[-0.16655298  0.          0.         -0.06016086]
[1 6 0 5],[-0.07829463  0.          0.09149611 -0.20574575]
[6 6 5 1],[ 0.          0.         -0.07551859 -0.26828284]
[6 6 5 4],[ 0.          0.         -0.08289564 -0.0063267 ]
[2 6 0 2],[0.05842827 0.         0.         0.01361062]
[5 6 3 6],[-0.2378778   0.         -0.33307309  0.        ]
[4 6 3 6],[ 0.02674694  0.         -0.29134786  0.        ]
[1 3 1 0],[-0.26657855 -0.31528762 -0.23198787 -0.01779008]
[4 3 1 0],[-0.20324703 -0.29600817 -0.01930227  0.03752017]
[3 3 1 0],[-0.42335236 -0.24339191  0.06953018 -0.03503407]
[3 3 4 0],[-0.34655827 -0.26552881 -0.13165871 -0.01488271]
[4 3 4 0],[ 0.10754246 -0.11463943 -0.12498698  0.00053792]
[6 3 4 4],[ 0.         -0.19325506 -0.151509    0.03251703]
[6 3 4 1],[ 0.         -0.52314159  0.04614822 -0.1614082 ]
[6 4 1 1],[ 0.         -0.0517406  -0.22716084 -0.15891778]
[3 1 3 3],[-0.50832127 -0.29067197 -0.35766793 -0.49703312]
[3 1 1 3],[-0.4048039  -0.37221611 -0.13433609 -0.37994583]
[1 1 1 3],[-0.31161906  0.04647202 -0.34948003 -0.31922147]
[4 1 4 3],[-0.07309593 -0.23858033  0.02402632 -0.13313447]
[5 1 4 3],[-0.1560477  -0.12350001  0.00470882 -0.1555058 ]
[1 1 4 3],[-0.07754609 -0.26298758  0.02721947 -0.28299959]
[4 1 0 3],[ 0.05694375 -0.17219899  0.0157112  -0.20316245]
[3 3 3 0],[-0.52409677 -0.39236565 -0.47139132 -0.17059799]
[5 3 3 0],[-0.27087962 -0.38196375 -0.3530576  -0.12115643]
[1 3 3 0],[-0.35638486 -0.37647428 -0.23917571 -0.12827573]
[4 3 3 0],[ 0.04652274 -0.32820954 -0.27710823 -0.05427206]
[1 6 4 0],[-0.20400437  0.          0.00225284  0.18464688]
[0 1 4 0],[ 0.00602698 -0.12811837  0.14024837  0.14199539]
[3 6 1 0],[-0.15932051  0.         -0.40743787  0.03899638]
[4 6 1 0],[ 0.05365429  0.         -0.20905872  0.01945081]
[3 6 4 0],[-0.29766558  0.          0.02201975  0.02772038]
[0 6 4 0],[0.03743749 0.         0.00708925 0.01165144]
[0 6 3 0],[ 0.00179587  0.         -0.14439211  0.07253155]
[0 6 3 3],[ 0.00146926  0.         -0.44665513 -0.53021632]
[0 6 1 3],[ 0.03887735  0.         -0.00593965 -0.23869696]
[0 6 1 1],[ 0.03193853  0.         -0.37837779 -0.11918777]
[0 6 4 1],[ 0.00500535  0.         -0.13116862 -0.1018091 ]
[3 6 4 1],[-0.28436122  0.          0.07584667 -0.14248172]
[2 6 4 2],[0.06561766 0.         0.         0.        ]
[2 6 1 2],[0.12566581 0.         0.00031097 0.        ]
[1 6 1 1],[-0.22266656  0.         -0.29865071 -0.26244775]
[1 6 1 4],[-0.10422646  0.         -0.02764476  0.12651576]
[4 6 1 4],[-0.12732316  0.         -0.13071958 -0.0837734 ]
[2 6 2 4],[0.02250885 0.         0.         0.        ]
[4 6 1 1],[ 0.33968082  0.         -0.0326924  -0.05388487]
[0 0 0 1],[ 0.00262766  0.00218828  0.07289451 -0.07471671]
[3 0 0 1],[-0.2912062  -0.02954707 -0.028841   -0.13093374]
[3 0 0 4],[-0.17504776  0.00334231  0.0011941  -0.00772547]
[4 0 0 4],[-0.02960611  0.07895763  0.00201331 -0.05040073]
[1 0 0 4],[-0.16915075  0.14021272  0.00034058  0.09767442]
[3 3 0 4],[-0.26279318 -0.21116048 -0.05644721 -0.14414568]
[4 3 0 4],[-0.06503956 -0.34254907  0.03680462  0.07849621]
[5 3 0 4],[-0.3166522  -0.34792806  0.01320827 -0.23341971]
[1 3 0 4],[-0.0596735  -0.45477547  0.04365279 -0.10846201]
[6 0 6 3],[ 0.          0.08133779  0.         -0.30060344]
[0 3 3 0],[-0.06892087 -0.29449493 -0.46235664 -0.08030397]
[0 4 4 0],[ 0.10352131 -0.0836521   0.18143769  0.52189842]
[0 0 6 0],[0.01027315 0.00626212 0.         0.15459823]
[3 0 6 0],[-0.22336396  0.00339304  0.          0.00488216]
[4 0 6 0],[0.04108216 0.06853409 0.         0.01145017]
[1 0 6 0],[-0.24494092  0.03068404  0.          0.01586896]
[0 6 0 5],[ 0.04783271  0.          0.         -0.04210084]
[4 6 3 1],[-0.07364416  0.         -0.23452874 -0.20813873]
[2 6 3 2],[ 0.1455377   0.         -0.18526878  0.        ]
[1 1 3 3],[-0.33786938 -0.09725256 -0.56204856 -0.26655024]
[4 1 3 3],[-0.09808361 -0.39547991 -0.29909527 -0.34231319]
[1 1 3 4],[ 0.13853455 -0.30017636 -0.34613549 -0.28680763]
[1 4 3 4],[-0.14948901  0.0004639  -0.20901353 -0.10909152]
[4 4 3 4],[ 0.0854934  -0.08651109 -0.05360682 -0.01187894]
[1 0 3 4],[-0.20222767  0.01033895 -0.31049884  0.23999001]
[4 6 4 0],[ 0.12863808  0.         -0.01866019  0.07924731]
[1 6 1 0],[-0.11657061  0.          0.17351799  0.13400177]
[6 6 3 5],[ 0.          0.         -0.41498858 -0.43874575]
[4 5 0 0],[ 2.07106727e-02 -2.80557419e-01  5.40313732e-03  1.36668818e-04]
[3 6 3 0],[-0.35610289  0.         -0.40559227  0.00057059]
[5 6 3 3],[-0.32399817  0.         -0.51805935 -0.40750468]
[1 6 3 3],[ 0.0957756   0.         -0.42387863 -0.55007796]
[0 0 5 0],[-0.00146194  0.02489574 -0.20250968 -0.00218538]
[3 0 1 3],[-0.36247474 -0.01550131 -0.52745284 -0.55148996]
[1 0 1 3],[-0.24555848  0.00940205 -0.16993702 -0.29563686]
[0 0 1 3],[-0.02476744  0.16756182 -0.34680859 -0.26658124]
[0 0 1 1],[ 0.03039311 -0.00823877 -0.05239247  0.16323739]
[3 0 1 1],[-0.25728569 -0.04389719 -0.01634777 -0.34889028]
[4 0 1 1],[-0.1149974   0.00817078 -0.18323905 -0.27637006]
[1 0 1 1],[-0.02013844 -0.04465447 -0.22931008 -0.1414158 ]
[5 0 1 1],[-0.17007632  0.00480851 -0.25200341 -0.12614257]
[5 0 1 4],[-0.16127856  0.00022657 -0.18135063  0.10877049]
[1 0 1 4],[-0.19404519  0.06006078 -0.2453317  -0.12058332]
[0 3 1 0],[-0.02648715 -0.31800573 -0.30231141 -0.02105354]
[0 3 6 0],[ 0.00195511 -0.27690138  0.          0.00432168]
[0 4 6 0],[ 0.05395828 -0.05598999  0.          0.07292132]
[0 1 6 0],[0.08339942 0.0045802  0.         0.0098423 ]
[3 1 6 0],[-0.25523956 -0.02726274  0.          0.03696095]
[1 1 6 0],[-0.0358107  -0.19184426  0.          0.04639629]
[4 1 6 0],[-0.01028167 -0.32414637  0.          0.03783873]
[4 4 6 0],[ 0.02666036 -0.07406085  0.          0.2522007 ]
[1 4 6 0],[-0.17472986  0.0343298   0.          0.04223688]
[1 6 6 0],[-0.07458319  0.          0.          0.05488646]
[4 6 6 0],[0.07926284 0.         0.         0.10164912]
[3 6 1 3],[-0.28075884  0.          0.05183479 -0.43798834]
[4 6 1 3],[-0.02162539  0.         -0.298332   -0.22109984]
[4 6 4 3],[ 0.19310758  0.         -0.18828985 -0.17431576]
[2 6 2 3],[0.07516559 0.         0.00662789 0.        ]
[3 6 4 3],[-0.32130307  0.         -0.05173953 -0.27813006]
[1 6 4 3],[ 0.07416199  0.         -0.19724974 -0.46544348]
[3 6 3 1],[-0.22617101  0.         -0.43427217  0.15598812]
[6 6 5 3],[ 0.          0.         -0.15296963 -0.43497625]
[0 1 0 5],[ 0.04312645 -0.08516424  0.000225   -0.17543553]
[5 0 5 0],[-0.08856012  0.         -0.02809471  0.        ]
[1 0 5 0],[-0.0109042   0.01541849 -0.2219419  -0.00223237]
[1 5 1 0],[-0.06978773 -0.18249238 -0.33952732  0.00627159]
[4 5 1 0],[-0.08448347 -0.06991108 -0.06024185  0.01892846]
[6 3 0 5],[ 0.00000000e+00 -2.62544908e-01  2.20273443e-04 -1.37003619e-01]
[6 5 6 6],[ 0.         -0.36803517  0.          0.        ]
[6 0 3 5],[ 0.00000000e+00  9.02117452e-05 -5.14004715e-01 -8.32703762e-02]
[1 5 4 0],[-0.01283994 -0.15242354 -0.02031672  0.00028192]
[3 5 1 0],[-0.242813   -0.2146597  -0.10442152 -0.01738672]
[4 0 5 0],[-1.29069111e-01 -6.69420773e-05  5.20284258e-02  8.50664212e-04]
[6 4 5 6],[ 0.         -0.02033127 -0.22636151  0.        ]
[6 3 5 6],[ 0.         -0.45231208 -0.32069596  0.        ]
[6 3 3 0],[ 0.00000000e+00 -3.82719666e-01 -4.68335011e-01  2.89199162e-06]
[6 3 6 5],[ 0.         -0.46373469  0.         -0.03729549]
[3 0 5 0],[-0.58802743 -0.02272481 -0.18720357 -0.02132464]
[3 1 4 3],[-0.32498613 -0.2417005  -0.04179268 -0.25545636]
[5 1 1 3],[-0.11786561 -0.15194886 -0.18581718 -0.24638987]
[5 4 1 3],[-0.08862086  0.10073558 -0.07762383 -0.09564846]
[4 4 1 3],[-0.10085546  0.04136012 -0.1892516  -0.15648235]
[4 1 1 3],[-0.18151349 -0.24622081 -0.24339506 -0.24425264]
[0 1 1 3],[-0.01608168 -0.14998123 -0.26381426 -0.48612036]
[0 2 1 2],[0.00023144 0.0055595  0.00499787 0.06473169]
[0 1 1 4],[ 0.02494429 -0.14774157 -0.19180081  0.02300288]
[0 4 1 4],[ 0.02055676 -0.11406372 -0.18205818  0.05798935]
[0 4 1 1],[ 0.02558353 -0.1427913  -0.26472614 -0.19487492]
[3 4 1 1],[-0.28787278 -0.0810796  -0.29995509 -0.28468417]
[4 4 1 1],[ 0.00625899 -0.166916   -0.22583222 -0.15143846]
[1 4 1 1],[-0.29525502 -0.15645048 -0.20089493 -0.01406212]
[4 0 1 4],[ 0.16196497  0.08798028 -0.02755362 -0.09144705]
[5 0 6 0],[-9.82891615e-02  3.74772403e-02  0.00000000e+00  2.76881698e-05]
[3 3 6 0],[-0.32840389 -0.60157258  0.          0.00122543]
[1 3 6 0],[-0.0481169  -0.38333628  0.          0.01170907]
[3 5 4 0],[-0.07965048 -0.1        -0.07754847 -0.01082422]
[4 5 4 0],[-0.09796808 -0.06289354  0.00371978  0.        ]
[3 3 1 3],[-0.39122522 -0.3160485  -0.15346451 -0.38488416]
[3 3 1 1],[-0.31480761 -0.46850337 -0.14189888  0.09414519]
[3 3 4 4],[-0.42968482 -0.30117774 -0.10485159 -0.05379217]
[4 3 4 4],[ 0.16854792  0.04698135  0.03102501 -0.01405267]
[2 2 0 4],[0.03512158 0.         0.         0.0002998 ]
[2 2 0 1],[ 0.16477494  0.          0.         -0.08201032]
[4 1 0 4],[-0.07988512 -0.11085339  0.09635885 -0.00223647]
[4 0 6 3],[-0.12960616  0.03600014  0.         -0.42127164]
[1 0 6 3],[ 0.11086759  0.05090336  0.         -0.30460127]
[3 1 5 0],[-0.21956583 -0.12524892 -0.30356925 -0.03163982]
[3 4 5 0],[0.00272697 0.01055988 0.00484554 0.        ]
[1 4 5 0],[-0.0328983   0.03636047 -0.1         0.        ]
[1 1 5 0],[-0.14427632 -0.15444805 -0.0074495   0.00160102]
[1 2 2 0],[0.00023625 0.11517652 0.00914901 0.        ]
[4 1 5 0],[-0.02742873 -0.09050271 -0.08259293  0.        ]
[6 5 3 0],[ 0.00000000e+00 -3.85077370e-01 -3.81353704e-01  2.39148450e-04]
[6 5 3 3],[ 0.         -0.37592968 -0.43550049 -0.23990408]
[6 4 3 1],[ 0.         -0.06844761 -0.29560248  0.18063985]
[6 4 3 3],[ 0.         -0.01154905 -0.31316809 -0.31111408]
[6 4 3 5],[ 0.         -0.04429236 -0.18231894 -0.19355714]
[6 4 3 0],[ 0.          0.00366247 -0.30085185  0.02850055]
[6 4 4 0],[ 0.         -0.10044443 -0.07904335  0.0864392 ]
[4 3 6 0],[ 0.06885655 -0.2954901   0.          0.03693945]
[6 5 6 0],[ 0.         -0.21619883  0.          0.08650024]
[0 1 3 3],[-0.06377218 -0.37494344 -0.26283424 -0.29279267]
[1 1 3 1],[-0.33995437 -0.30185335 -0.40105862  0.02534093]
[3 1 3 1],[-0.44170364 -0.16654724 -0.46327299 -0.06434778]
[1 6 1 3],[-0.03799287  0.         -0.1834106  -0.2143817 ]
[4 6 3 3],[ 0.01031508  0.         -0.33862586 -0.27982094]
[3 6 3 3],[-0.43798795  0.         -0.4276374  -0.46181872]
[3 0 3 3],[-0.45959714 -0.18940805 -0.57833201 -0.51525399]
[1 0 3 3],[-0.22447726 -0.15948188 -0.38851007 -0.45519276]
[4 0 3 3],[-0.04062286 -0.00428998 -0.30933012 -0.31163569]
[1 0 3 1],[-0.09075958 -0.01845366 -0.38396839 -0.11277389]
[4 0 3 1],[ 0.02084849 -0.02870878 -0.18468    -0.15665411]
[1 0 3 5],[ 0.08818423 -0.04488403 -0.27728958 -0.26519613]
[4 0 3 5],[-0.20729736  0.07382376 -0.24153332 -0.15606132]
[1 0 4 1],[-0.22611914  0.00999752 -0.15599441 -0.05104494]
[6 3 3 4],[ 0.         -0.2376904  -0.39813359 -0.00167429]
[6 3 3 1],[ 0.         -0.34398422 -0.32105753  0.0513556 ]
[6 3 3 3],[ 0.         -0.4331487  -0.09848037 -0.45889762]
[6 3 5 1],[ 0.         -0.26898966 -0.09676221 -0.17197351]
[4 5 3 0],[-0.04687435 -0.25989686 -0.16288938  0.00942755]
[5 3 4 0],[-0.15798959 -0.2302386  -0.20229884  0.0332317 ]
[1 3 4 0],[-0.15641174  0.08097512 -0.10248942 -0.01181913]
[0 3 3 3],[-0.21874091 -0.293773   -0.52477085 -0.55681734]
[3 3 3 3],[-0.51783155 -0.54417295 -0.5028859  -0.52298787]
[5 3 3 3],[-0.53446226 -0.24031145 -0.39102778 -0.42022362]
[0 3 3 4],[-0.05126199 -0.42742233 -0.43934599 -0.08959221]
[0 4 3 4],[ 0.01367141  0.06156335 -0.14609685 -0.04722514]
[0 4 3 1],[-0.00731939  0.19769277 -0.36229803  0.11413067]
[0 4 3 3],[ 0.01618796 -0.04760312 -0.19936222 -0.27098945]
[0 1 3 4],[ 0.05493759 -0.1137063  -0.2953503   0.04619603]
[0 1 3 5],[-0.00064503 -0.29589298 -0.19804892 -0.28270141]
[0 1 5 5],[ 0.          0.          0.01327671 -0.09474782]
[0 1 5 0],[ 0.03978074 -0.07131934 -0.45531588  0.        ]
[3 4 6 0],[-0.34768387  0.10184384  0.          0.03671396]
[3 4 6 3],[-0.38385798 -0.00209713  0.         -0.10856026]
[1 4 6 3],[-0.01114566  0.07695352  0.         -0.2071293 ]
[4 4 6 3],[ 0.04283559 -0.14630035  0.         -0.36772323]
[4 1 6 3],[ 0.10532155 -0.15451727  0.         -0.28843372]
[0 0 6 3],[ 0.00257181  0.002815    0.         -0.18309416]
[0 0 6 4],[0.03957732 0.0409044  0.         0.19808393]
[0 0 6 1],[ 0.02184928  0.05731149  0.         -0.11609371]
[3 0 6 1],[-0.20030328  0.10361911  0.         -0.2086555 ]
[4 0 6 1],[-0.03156828  0.06872134  0.         -0.27220783]
[1 0 6 1],[-0.11555551  0.04492049  0.          0.15259518]
[1 0 6 6],[0.16145148 0.08927454 0.         0.        ]
[3 0 6 6],[-0.31164937  0.00311441  0.          0.        ]
[4 0 6 6],[-0.01629684  0.12328127  0.          0.        ]
[5 1 3 0],[-0.19510896 -0.25996901 -0.16099479 -0.02450372]
[1 4 4 3],[-0.2030521  -0.02879227 -0.17174446 -0.26464832]
[4 3 0 3],[ 0.01812375 -0.30551373 -0.01290146 -0.1583702 ]
[1 3 0 1],[ 0.20053962 -0.34087393 -0.03362377 -0.11254189]
[0 3 5 0],[-0.01670284 -0.32545653 -0.1250887  -0.01589952]
[0 5 4 0],[ 6.99349904e-05 -1.01597078e-01 -3.17742182e-02  0.00000000e+00]
[0 5 6 0],[ 4.11677832e-02 -1.32269845e-01  0.00000000e+00  3.84577522e-05]
[0 2 2 0],[0.00182849 0.02867957 0.11253696 0.        ]
[0 4 5 0],[ 0.01971387 -0.17669711 -0.18709379  0.        ]
[5 6 4 6],[-0.14743918  0.          0.14048256  0.        ]
[4 6 4 6],[ 0.15393981  0.         -0.06742883  0.        ]
[3 6 4 6],[-0.26488974  0.          0.13178542  0.        ]
[4 6 1 6],[ 0.1052465   0.         -0.13277231  0.        ]
[3 0 0 3],[-0.36629868 -0.08446264 -0.08511235 -0.583532  ]
[4 0 0 3],[-0.06851011  0.02771623  0.02716688 -0.20708412]
[4 0 0 1],[ 0.13982937  0.0035709   0.08080733 -0.09778962]
[0 4 4 3],[ 0.09424523  0.18809147 -0.09682394 -0.14640634]
[0 0 4 3],[ 0.02822068  0.00114193  0.10014775 -0.44262714]
[0 0 4 1],[ 0.02085034  0.03411038 -0.00988986 -0.14296402]
[0 0 4 4],[ 0.11774444  0.          0.0495483  -0.11922718]
[3 3 0 1],[-0.39168705 -0.47034306 -0.09414959 -0.39149016]
[1 6 4 1],[-0.18044119  0.         -0.04365894 -0.16145093]
[4 6 4 1],[-0.06643075  0.          0.03150201 -0.06263523]
[4 6 4 4],[ 0.0772415   0.         -0.00662488 -0.07554542]
[1 6 4 4],[-0.07574888  0.         -0.0430161   0.03378351]
[1 6 2 2],[0.02428514 0.         0.00252157 0.07224225]
[4 6 2 2],[0.00044329 0.         0.         0.01522037]
[1 6 3 5],[ 0.24792398  0.         -0.30492424 -0.27541011]
[6 6 4 5],[ 0.          0.          0.00450152 -0.2967491 ]
[1 0 0 6],[-0.05182373  0.11047272  0.02945876  0.        ]
[4 0 0 6],[0.028242   0.03641608 0.06174561 0.        ]
[1 3 0 6],[ 0.17701578 -0.21198348  0.04582822  0.        ]
[4 3 0 6],[ 0.11192689 -0.43242442  0.02182715  0.        ]
[0 0 0 5],[ 0.14637968  0.00028305 -0.00084487 -0.13030064]
[0 0 3 1],[-0.03257849 -0.03249154 -0.34285837  0.12206179]
[0 0 3 4],[-0.00128116 -0.0017393  -0.12793104 -0.0341482 ]
[3 0 3 4],[-0.21142453 -0.03910071 -0.34298231 -0.11804556]
[3 0 3 1],[-0.36662197 -0.0780562  -0.5323535  -0.02011818]
[4 0 3 4],[-0.06374539 -0.0051562  -0.36400258  0.09002731]
[0 0 0 6],[0.01426654 0.0118214  0.01276271 0.        ]
[3 0 0 6],[-3.43342744e-01  3.13110443e-02  3.38700000e-04  0.00000000e+00]
[5 0 0 6],[0.01033012 0.0032284  0.         0.        ]
[0 0 1 4],[ 0.08510172  0.01479354 -0.22416016 -0.00478915]
[3 0 1 4],[-0.35211059 -0.00153933 -0.10810055 -0.02183737]
[0 3 4 0],[ 0.02252961 -0.14561024 -0.10854553 -0.00246614]
[3 3 6 3],[-0.35233454 -0.43819102  0.         -0.2524817 ]
[1 3 6 3],[-0.01478804 -0.42415103  0.         -0.38801755]
[4 3 6 3],[-0.02387412 -0.13775898  0.         -0.2529866 ]
[1 1 6 3],[-0.06083947 -0.12856175  0.         -0.42946632]
[2 2 6 3],[0.0253396 0.        0.        0.       ]
[1 4 6 1],[-0.15390357  0.10655394  0.         -0.11830751]
[1 1 6 1],[-0.10129688 -0.14925166  0.          0.18576912]
[0 3 0 6],[ 2.35480020e-02 -2.20232012e-01  4.82825354e-06  0.00000000e+00]
[0 1 0 6],[0.04908217 0.25581955 0.01768629 0.        ]
[3 1 0 6],[-0.41746139 -0.10540431  0.01347531  0.        ]
[4 1 0 6],[ 0.02019515 -0.16679348  0.05363139  0.        ]
[4 4 0 6],[ 0.21682339 -0.04735995  0.10799948  0.        ]
[1 4 0 6],[-0.26427183  0.19408034  0.10112625  0.        ]
[1 1 0 6],[-0.19508371 -0.06265904  0.01571047  0.        ]
[0 4 0 6],[0.19013706 0.01719409 0.01017229 0.        ]
[6 2 2 1],[ 0.          0.00986879  0.19593186 -0.17779376]
[6 2 2 4],[ 0.          0.          0.05485974 -0.0991638 ]
[6 4 4 1],[ 0.         -0.07551831 -0.11338558 -0.11283273]
[6 4 4 5],[ 0.          0.0005929   0.07716375 -0.06726752]
[6 1 4 5],[ 0.         -0.01703712  0.01185806 -0.06959198]
[0 3 0 3],[-0.08509794 -0.46336028 -0.08566442 -0.11983683]
[0 3 0 1],[-0.03616028 -0.22918085 -0.0362093  -0.29416179]
[0 3 0 4],[ 0.0011312  -0.37036408  0.00685541 -0.01264326]
[6 0 5 0],[ 0.          0.         -0.16920205  0.09183741]
[6 3 5 0],[ 0.         -0.28959752 -0.12197574  0.00230115]
[2 0 0 2],[0.03280318 0.         0.00125815 0.07342499]
[0 6 1 0],[0.04195086 0.         0.14161526 0.0763287 ]
[3 6 6 0],[-0.30943835  0.          0.          0.02905391]
[1 6 6 3],[ 0.06625813  0.          0.         -0.18446895]
[5 0 0 1],[-0.24577047 -0.0085205  -0.00674466 -0.12730767]
[6 1 1 5],[ 0.         -0.29955532 -0.13511766 -0.02589341]
[6 4 1 5],[ 0.         -0.08369158 -0.22526261 -0.21284479]
[3 0 0 5],[-0.27177118  0.01674449 -0.00220723 -0.15830631]
[1 0 0 5],[-2.96623542e-01 -1.09347247e-03  1.89735794e-04 -2.46300722e-01]
[4 0 0 5],[ 0.00997175  0.00037408  0.14503257 -0.22094637]
[6 3 4 3],[ 0.         -0.40376786 -0.01184703 -0.20666444]
[6 1 1 3],[ 0.         -0.24870808 -0.00837744 -0.31888224]
[6 1 2 2],[0.         0.         0.         0.03499826]
[6 3 4 5],[ 0.         -0.18230986  0.04872123 -0.24471351]
[4 1 1 1],[-0.0625895  -0.17955503 -0.14437863 -0.0851592 ]
[3 1 1 1],[-0.2939342  -0.0235214  -0.26488705 -0.23111142]
[1 1 1 1],[-0.34138179 -0.06553049 -0.30000608 -0.33124965]
[1 4 4 4],[-0.08283574 -0.00896548  0.00744767  0.        ]
[1 2 4 2],[0.31534894 0.         0.0962656  0.07324896]
[1 2 1 2],[-0.01       -0.00532879  0.01844554  0.02069516]
[6 2 1 2],[ 0.          0.         -0.01131697  0.11602374]
[6 2 2 6],[0.         0.00393157 0.06806477 0.        ]
[2 2 0 3],[ 0.00362491  0.02084796  0.         -0.08033054]
[1 5 3 3],[-0.14707722 -0.14597135 -0.14486206 -0.18059893]
[4 5 3 3],[-0.11271779  0.00101856 -0.02438556 -0.08205857]
[1 3 3 1],[ 0.22063042 -0.37181448 -0.23654343 -0.23849503]
[1 3 3 4],[-0.25612971 -0.18508653 -0.28039676 -0.03876161]
[6 2 2 0],[0.         0.00372859 0.16788413 0.        ]
[4 3 0 1],[-0.01695599 -0.19886717 -0.02062299 -0.16633582]
[2 1 0 2],[ 0.06204055 -0.09907549  0.          0.        ]
[0 6 5 0],[ 2.26826889e-05  0.00000000e+00 -7.46121636e-02  0.00000000e+00]
[5 6 4 3],[-0.23140214  0.          0.05511741 -0.33934005]
[0 6 4 3],[ 0.05271097  0.          0.00512377 -0.13389006]
[0 6 2 2],[0.         0.         0.09227195 0.00153069]
[3 6 2 2],[-0.07798404  0.          0.03670692  0.01173256]
[1 6 4 5],[-0.10033601  0.         -0.07519428 -0.09986493]
[6 4 5 0],[ 0.          0.04429747 -0.07861691  0.        ]
[5 1 0 4],[-0.09750969 -0.09732626  0.01161241  0.0148978 ]
[1 5 0 1],[-0.16045501 -0.16209836  0.01230258 -0.16544987]
[1 5 0 4],[-0.16591971 -0.17130601 -0.00973304 -0.04904662]
[3 3 3 4],[-0.28730098 -0.362345   -0.33979638 -0.15206075]
[4 3 3 4],[ 0.05082365 -0.24278324 -0.12954928 -0.16287781]
[5 3 3 4],[-0.27697489 -0.24757907 -0.20697652 -0.27358853]
[6 2 6 2],[0.         0.05537056 0.         0.01495896]
[2 3 0 2],[ 0.02734156 -0.09990927  0.         -0.00269244]
[1 2 0 2],[-0.00064806  0.00532141  0.          0.00336666]
[4 3 3 6],[ 0.06206272 -0.18345963 -0.48424523  0.        ]
[0 3 3 6],[ 7.64613035e-05 -2.44516260e-01 -4.69019190e-01  0.00000000e+00]
[0 3 1 6],[ 0.01310265 -0.36067709  0.1577096   0.        ]
[0 3 4 6],[ 0.01974851 -0.32710123  0.18540354  0.        ]
[3 3 4 6],[-0.20122248 -0.32262926  0.06565062  0.        ]
[1 3 1 6],[-0.10601029 -0.36207931 -0.00721145  0.        ]
[4 3 1 6],[-0.1552681  -0.22964411  0.01760154  0.        ]
[4 3 5 6],[-0.04607233 -0.10991129 -0.08783828  0.        ]
[5 3 0 6],[-0.07188715 -0.47621923  0.00256085  0.        ]
[5 1 0 6],[-0.31109385 -0.26265148  0.081       0.        ]
[3 5 0 6],[-2.26420037e-01 -4.88136046e-01  3.24937601e-04  0.00000000e+00]
[1 5 0 6],[ 0.08288684 -0.23444408  0.00531617  0.        ]
[5 3 0 1],[-0.23863428 -0.34013142 -0.08635282 -0.31231826]
[3 4 0 3],[-0.38298408  0.01638645  0.00418717 -0.09787328]
[4 4 0 3],[ 0.00839076 -0.06443564  0.01857261 -0.08854047]
[5 6 1 1],[-0.21724187  0.         -0.20289339 -0.25283875]
[3 3 0 6],[-0.48206335 -0.42519313  0.06561878  0.        ]
[0 5 0 6],[ 4.44560202e-02 -1.84416785e-01  7.80705963e-05  0.00000000e+00]
[5 4 0 6],[-0.30831465  0.03912129  0.07776029  0.        ]
[3 4 0 6],[-0.22555944 -0.03359091  0.1448378   0.        ]
[3 3 0 5],[-0.44650196 -0.45748871 -0.04240965 -0.18662278]
[5 0 0 4],[-0.27331117  0.09455496  0.09794211  0.10114588]
[1 3 3 6],[-0.12533555 -0.22677298 -0.08026515  0.        ]
[3 3 3 6],[-0.39428899 -0.45975595 -0.41836627  0.        ]
[1 1 3 6],[-0.23366777  0.04878367 -0.32099258  0.        ]
[6 5 6 3],[ 0.         -0.01542582  0.         -0.20987185]
[6 5 6 1],[ 0.         -0.07012095  0.         -0.1063838 ]
[0 5 0 1],[-0.00167588 -0.35960391  0.         -0.08174916]
[0 5 0 3],[-0.02194125 -0.51800974 -0.02172632 -0.32946538]
[0 5 0 4],[ 0.         -0.11311581  0.          0.08062861]
[5 3 3 6],[-0.30080103 -0.38313207 -0.42138342  0.        ]
[4 1 3 6],[ 0.05205852  0.00268467 -0.38469075  0.        ]
[5 1 3 6],[-0.0835335  -0.24020717 -0.2080599   0.        ]
[0 4 3 6],[ 0.0799724   0.06313791 -0.1123643   0.        ]
[0 4 4 6],[ 0.0021596   0.00810547 -0.14956499  0.        ]
[0 1 4 6],[ 0.1228164  -0.05186081  0.10157922  0.        ]
[3 1 4 6],[-0.3227982  -0.20138062 -0.10418891  0.        ]
[4 1 4 6],[-0.01239716 -0.11802729 -0.07707576  0.        ]
[4 4 4 6],[ 0.04665849 -0.00517177 -0.06935241  0.        ]
[4 4 1 6],[ 0.03344269  0.04672022 -0.09063192  0.        ]
[2 2 1 6],[0.14470196 0.         0.         0.        ]
[3 4 4 6],[-0.29110324 -0.009508   -0.10652233  0.        ]
[3 2 2 6],[-0.1         0.01061843  0.06961922  0.        ]
[1 2 2 6],[-0.07442516  0.10845192  0.          0.        ]
[4 2 2 6],[-0.09993156  0.00469852  0.          0.        ]
[1 1 1 6],[ 0.08466115 -0.25390227 -0.31532292  0.        ]
[0 1 1 6],[ 0.02456673  0.20000446 -0.12709396  0.        ]
[3 1 1 6],[-0.21398083 -0.13669955 -0.2812039   0.        ]
[1 1 4 6],[-0.18018227 -0.15488143  0.02293018  0.        ]
[1 4 1 6],[-0.18979909  0.07307027 -0.09974455  0.        ]
[4 4 3 6],[-0.16137225  0.10843677 -0.24990577  0.        ]
[3 4 3 6],[-0.28770569  0.05204239 -0.40491201  0.        ]
[3 1 3 6],[-0.15014085  0.03845759 -0.51172246  0.        ]
[1 5 3 6],[-0.24171458 -0.10564445 -0.27846258  0.        ]
[4 5 3 6],[ 0.00396883 -0.19370659 -0.25329876  0.        ]
[3 3 3 1],[-0.31594536 -0.39056321 -0.34544441 -0.3765415 ]
[2 3 3 2],[-0.00516179 -0.03022776 -0.16252368  0.00541582]
[6 0 5 1],[ 0.          0.         -0.13746139 -0.20620112]
[4 2 0 2],[-0.03153228  0.02727213  0.          0.        ]
[0 2 0 2],[0.00474906 0.01541625 0.00156204 0.03072345]
[3 1 0 5],[-0.28124138 -0.32337381 -0.03041035 -0.33775084]
[3 5 0 1],[-0.34062615 -0.23436939 -0.04941891 -0.18635144]
[4 5 0 1],[-0.018385    0.00017524  0.         -0.09976405]
[4 0 4 1],[ 0.07916172  0.00366633  0.06943244 -0.17749833]
[3 0 4 1],[-4.04253645e-01  1.58265293e-04  7.04936255e-04  7.11266888e-02]
[1 3 4 6],[-0.0699441  -0.50989462  0.25155931  0.        ]
[1 4 4 6],[-0.27013042 -0.14144943  0.04722601  0.        ]
[4 1 3 1],[-0.2086301  -0.20468737 -0.22287587 -0.15218158]
[4 3 3 1],[ 0.06963257 -0.27843309 -0.43597852 -0.21368907]
[0 3 3 1],[-0.08493779 -0.29868513 -0.47708915 -0.10432467]
[5 3 3 1],[-0.26965898 -0.39252025 -0.31932046 -0.37897618]
[5 5 3 1],[-0.08726351 -0.1        -0.13520253 -0.1       ]
[1 5 3 1],[ 0.03297874 -0.10347537  0.02647461 -0.13568168]
[4 5 3 1],[-0.05787594 -0.1        -0.171      -0.10727487]
[3 5 3 1],[-0.40876088  0.01980549 -0.32625089 -0.33921501]
[0 1 3 1],[ 0.0086358  -0.42773469 -0.28347607 -0.05409833]
[0 1 3 6],[ 0.06719274 -0.13703506 -0.40164419  0.        ]
[0 3 5 6],[ 0.         -0.38108175 -0.3958831   0.        ]
[0 1 5 6],[ 0.12793564 -0.04087958 -0.28195338  0.        ]
[0 6 3 6],[ 0.01290928  0.         -0.18330599  0.        ]
[0 6 1 6],[0.07079136 0.         0.00615451 0.        ]
[3 6 1 6],[-0.11177358  0.          0.17868888  0.        ]
[5 1 6 0],[-0.35928876 -0.03132239  0.          0.03018276]
[1 6 1 5],[ 0.27894065  0.         -0.17581704 -0.21006934]
[6 3 1 5],[ 0.         -0.18545756 -0.17246236 -0.22441637]
[6 3 5 3],[ 0.         -0.46212774 -0.34024553 -0.26603024]
[6 1 5 1],[ 0.         -0.13440565 -0.20158078 -0.02417914]
[1 6 5 0],[-0.10206574  0.         -0.24690792  0.00224569]
[4 4 4 3],[-0.12939684 -0.14073483 -0.07074405 -0.14351621]
[1 4 1 3],[-0.33027788 -0.08001633 -0.14558019 -0.18459778]
[1 5 4 3],[-0.12015493 -0.09865563 -0.01828933 -0.08109548]
[4 5 0 3],[ 0.02263421 -0.16621924  0.00143862 -0.09998862]
[1 5 0 3],[-0.22573903 -0.31953605  0.05184295 -0.35741604]
[2 3 2 0],[ 0.09507505  0.00106785 -0.00290707  0.        ]
[1 3 1 1],[-0.19574209 -0.30085122 -0.26607833 -0.38226672]
[4 3 1 1],[ 0.0856668  -0.2503632  -0.17265142 -0.18722084]
[5 3 1 1],[-0.296268   -0.21360659 -0.04929069 -0.02576802]
[1 4 1 4],[-0.14507253 -0.1        -0.21167256 -0.09463378]
[1 1 4 4],[-0.16943534 -0.15855311 -0.1387613   0.00266139]
[3 4 3 3],[-0.33975434  0.02602394 -0.4299645  -0.29937879]
[3 4 3 1],[-0.10784117 -0.03772486 -0.29134207 -0.22823613]
[6 4 3 4],[ 0.         -0.03156449 -0.3144913  -0.16800945]
[6 4 4 4],[ 0.          0.00570536 -0.03261419 -0.0429912 ]
[5 6 4 4],[-0.08793017  0.          0.03749591  0.00536289]
[1 6 5 1],[-0.05999961  0.         -0.18886329  0.05015022]
[5 6 5 1],[-0.07756731  0.         -0.09650902 -0.09972809]
[2 6 2 1],[ 0.05803343  0.          0.00537625 -0.09951751]
[0 6 1 5],[ 0.0818615   0.         -0.26918376 -0.07150106]
[1 1 0 5],[-0.24991109 -0.26444964  0.04050217 -0.16867658]
[4 1 0 5],[-0.05949789 -0.00535233 -0.00098177 -0.08208907]
[5 6 0 6],[-0.39272981  0.          0.05339805  0.        ]
[6 5 4 0],[ 0.         -0.08179497 -0.01211233  0.        ]
[2 2 0 6],[0.16296481 0.0104691  0.         0.        ]
[5 1 1 6],[-0.20469133  0.1765783  -0.00769152  0.        ]
[0 4 1 6],[ 0.03213446  0.10835016 -0.13252723  0.        ]
[1 4 3 6],[-2.19928200e-02 -4.77014843e-05 -1.36622560e-01  0.00000000e+00]
[6 1 4 3],[ 0.         -0.17109879 -0.14279382 -0.54580062]
[6 4 1 4],[ 0.          0.16483407 -0.05392684 -0.06446611]
[5 4 3 0],[-0.15309848 -0.0643763  -0.16946106 -0.00261772]
[5 3 0 3],[-0.46914099 -0.56242885 -0.12360344 -0.43044776]
[0 5 1 0],[ 0.0908917  -0.05345858 -0.23276563  0.        ]
[0 6 4 4],[ 0.          0.          0.02908302 -0.00383504]
[5 0 3 4],[-0.1738989  -0.01859241 -0.19646098 -0.03536835]
[3 4 3 4],[-0.26975389  0.12190613 -0.28614897 -0.12647631]
[3 1 3 4],[-0.28481875 -0.16933005 -0.25180869  0.01856944]
[4 1 3 4],[-0.00388415 -0.17726946 -0.18525081 -0.16511458]
[2 0 3 2],[-0.00164004  0.         -0.08677945 -0.00292389]
[1 3 1 4],[-0.36271572 -0.36728658 -0.28056017  0.00746394]
[1 3 4 4],[-0.1468861  -0.26724377 -0.0097717  -0.12051869]
[3 3 5 0],[-0.41074744 -0.4117112  -0.05793898 -0.11992033]
[1 3 5 0],[-0.24052805 -0.31209083 -0.18589505 -0.02717014]
[4 3 5 0],[-0.02183891 -0.16482254 -0.08471156  0.00149435]
[6 5 3 1],[ 0.         -0.22415619 -0.20548184  0.14364518]
[5 4 6 0],[ 0.00754273 -0.14281498  0.          0.        ]
[0 6 6 0],[0.05290284 0.         0.         0.01859479]
[3 0 6 5],[-0.3451731   0.          0.         -0.38759252]
[4 0 6 5],[-0.06795232  0.01103242  0.         -0.12334275]
[1 0 6 5],[-0.28727463  0.00299109  0.         -0.2883633 ]
[4 4 6 4],[-0.08850072  0.09835481  0.         -0.11884976]
[1 4 6 4],[-0.13993053 -0.11221394  0.         -0.05157605]
[1 1 6 4],[-0.28333299 -0.107616    0.          0.09840765]
[0 5 5 0],[ 0.         -0.0856749  -0.11357842  0.        ]
[3 5 5 0],[-0.09981693 -0.07122299 -0.09785349  0.        ]
[5 0 6 3],[-0.40937781  0.00049838  0.         -0.15152626]
[4 1 6 1],[-0.07568181 -0.16549562  0.         -0.16242358]
[3 4 6 1],[-0.19098063  0.1906029   0.         -0.09980717]
[3 1 6 1],[-0.3356083   0.22513575  0.         -0.22326476]
[4 1 6 4],[-0.03484989 -0.18226025  0.          0.09956966]
[3 1 6 4],[-0.19929678 -0.09475942  0.          0.10582369]
[3 4 1 3],[-0.09499047  0.19116764 -0.24333849 -0.28696091]
[5 4 0 3],[-0.13289698 -0.02273211 -0.01380055 -0.1814363 ]
[5 1 0 3],[-0.26018671 -0.21493462  0.02200847 -0.30551493]
[3 4 4 3],[-0.14177596 -0.13839478  0.19630379 -0.24655065]
[1 2 2 3],[ 0.14063109  0.00962453 -0.0061255  -0.08819752]
[4 2 2 3],[-6.27807283e-03 -3.52472617e-05  1.77985403e-03  0.00000000e+00]
[3 2 2 3],[-0.07283292  0.08825532  0.00821321 -0.09315574]
[3 2 2 1],[-0.07737764  0.04025217  0.00140386 -0.07701913]
[5 2 2 1],[-0.1  0.   0.   0. ]
[5 2 2 4],[0.00500506 0.         0.         0.        ]
[1 2 2 4],[-0.09999946  0.03793327  0.          0.        ]
[4 2 2 0],[-0.03205704  0.02829978  0.          0.        ]
[6 1 5 0],[ 0.          0.15601893 -0.26568854  0.1       ]
[6 4 4 3],[ 0.         -0.0804885  -0.00706532 -0.11249363]
[6 4 1 3],[ 0.         -0.08761689 -0.10094395 -0.20347397]
[2 2 6 0],[0.04648774 0.01261004 0.         0.        ]
[2 2 1 3],[-0.00630375 -0.00846263 -0.09979647 -0.10018281]
[4 1 1 4],[ 0.0732006  -0.09332386 -0.12623735 -0.15904893]
[5 1 1 1],[-0.19535265 -0.25856779 -0.15580081 -0.12449387]
[5 1 1 4],[-0.1666062  -0.02630647  0.09380651  0.        ]
[0 1 1 5],[ 0.04053324  0.12728418 -0.12037387 -0.11985704]
[3 1 1 5],[-0.0821571  -0.1893688  -0.12612985 -0.28366876]
[1 1 1 5],[-0.02153468 -0.04329231 -0.12792903 -0.10469154]
[1 4 1 5],[0.20990965 0.         0.01110103 0.        ]
[3 4 1 5],[-0.16422229 -0.10452022 -0.09971716 -0.09901778]
[3 2 1 2],[-0.086355    0.11134519 -0.09694923 -0.0003617 ]
[4 2 1 2],[0.00963864 0.         0.         0.        ]
[1 1 1 4],[-0.15515033 -0.13540037 -0.24057454 -0.07124922]
[5 6 1 3],[-0.21359251  0.         -0.26467787 -0.22086511]
[3 6 1 1],[-0.22816242  0.         -0.09197769 -0.12927794]
[3 6 1 4],[-0.28116523  0.         -0.1149572  -0.18589223]
[3 6 4 4],[-0.26264652  0.         -0.08515202  0.25652276]
[5 6 6 0],[0.01801836 0.         0.         0.05944341]
[4 6 6 3],[-0.04951938  0.          0.         -0.45924468]
[3 6 6 3],[-0.15755071  0.          0.         -0.51197349]
[4 6 6 4],[ 0.20318022  0.          0.         -0.10383858]
[1 6 6 4],[-0.22563445  0.          0.         -0.020596  ]
[3 6 6 4],[-0.27771969  0.          0.          0.01574595]
[0 3 1 3],[-0.0970367  -0.22751555  0.08019944 -0.35460319]
[0 3 1 4],[ 0.0248569  -0.25184203 -0.1962871   0.09645942]
[5 4 3 3],[-0.1899694  -0.07252055 -0.16932611 -0.19812546]
[0 0 3 3],[-0.08657808 -0.08588128 -0.51032987 -0.13786579]
[4 3 1 4],[-0.07465653 -0.19766558 -0.14485495 -0.24741039]
[3 3 1 4],[-0.38713636 -0.34796581 -0.31398644  0.07537557]
[3 1 1 4],[-0.30424179 -0.17109834 -0.29965521  0.13664119]
[4 4 1 4],[-0.07486274 -0.07859115  0.00415383  0.00928528]
[5 3 1 0],[-0.05765884 -0.18780903 -0.25436378 -0.04364545]
[5 4 4 0],[-0.13205706 -0.09592844  0.01560547  0.00902272]
[6 4 5 1],[ 0.          0.00860663 -0.08225882 -0.1       ]
[2 5 2 3],[-0.005       0.         -0.00696562  0.        ]
[3 5 1 3],[-0.33803324 -0.20016162 -0.26503938 -0.34295509]
[3 5 4 3],[-0.26302994 -0.26650162 -0.09057894 -0.2065825 ]
[5 5 6 0],[-0.07842327 -0.08047376  0.          0.        ]
[1 5 6 0],[-0.27163034 -0.08145904  0.          0.0146553 ]
[3 3 1 6],[-0.33198488 -0.55207803  0.06536571  0.        ]
[2 3 2 6],[0.07743825 0.         0.         0.        ]
[4 1 1 6],[-0.12936173 -0.05786773 -0.1253384   0.        ]
[3 1 6 3],[-0.26799266 -0.2664583   0.         -0.16415476]
[3 4 6 4],[-0.2579377  -0.11556276  0.          0.11928834]
[2 4 6 2],[0.02581256 0.00030116 0.         0.        ]
[0 4 6 1],[ 0.06061248 -0.04692608  0.         -0.07737054]
[0 4 6 4],[0.00650955 0.00724998 0.         0.06603125]
[0 1 6 4],[ 0.02496567 -0.1076117   0.         -0.01761971]
[2 1 6 2],[ 0.01546587 -0.0036485   0.          0.        ]
[5 1 6 1],[-0.22461575 -0.32691963  0.         -0.14412131]
[5 1 6 4],[-0.08846751 -0.17390542  0.         -0.13438195]
[1 6 6 1],[-0.26967614  0.          0.          0.06915877]
[3 1 4 1],[-0.19618662 -0.23490266 -0.03367587 -0.15990733]
[3 5 1 1],[-0.24885397 -0.16647824 -0.20371885  0.08322166]
[3 5 4 1],[-0.1         0.01734226  0.14604208 -0.13777518]
[2 5 2 1],[0.00554736 0.         0.         0.        ]
[4 5 1 1],[-0.00559975 -0.00308394 -0.02609095  0.        ]
[0 5 1 1],[ 0.00322523 -0.09828002 -0.20196645 -0.20796596]
[0 5 1 6],[ 0.04365762 -0.26757711 -0.10618885  0.        ]
[0 0 1 6],[ 0.05700436  0.01173658 -0.16848982  0.        ]
[0 0 4 6],[0.05378598 0.02193885 0.02774831 0.        ]
[4 5 0 6],[ 0.1523755  -0.1069895   0.00035277  0.        ]
[1 0 3 6],[-0.21439893  0.06319625 -0.50924536  0.        ]
[6 5 5 6],[ 0.         -0.12702065 -0.23183562  0.        ]
[0 6 3 4],[ 0.04665361  0.         -0.23322877  0.13978616]
[3 6 3 4],[-0.35939067  0.         -0.3790311  -0.03219306]
[2 6 2 6],[0.1354131  0.         0.00294806 0.        ]
[4 5 6 0],[-0.06105396  0.00264697  0.          0.00427543]
[0 1 4 4],[ 0.05287584  0.0028455  -0.05466274 -0.0604316 ]
[3 1 4 4],[-0.31837013 -0.13692112 -0.14950539 -0.15252806]
[5 6 0 5],[-0.18411615  0.          0.          0.0006459 ]
[4 6 0 5],[ 0.06646293  0.          0.00174535 -0.09880623]
[5 6 4 1],[-0.1111637   0.         -0.13270576 -0.04105748]
[1 3 6 4],[-0.27014004 -0.3655068   0.          0.00340926]
[4 3 6 4],[-0.16381741 -0.11739305  0.          0.05222743]
[5 0 0 3],[-0.39345008 -0.03085543 -0.03208992 -0.00892406]
[6 5 1 0],[ 0.         -0.27856826 -0.26523207  0.18512398]
[0 4 6 3],[ 0.04913185 -0.00645626  0.         -0.42018318]
[0 1 6 3],[ 0.12415658  0.00988535  0.         -0.55434829]
[0 2 6 2],[0.         0.00728775 0.         0.08823422]
[3 2 6 2],[-0.16502173  0.10213988  0.          0.01305142]
[4 2 6 2],[-0.01888648  0.00247622  0.          0.        ]
[3 3 6 1],[-0.07992823 -0.36482159  0.          0.26831843]
[1 3 6 1],[ 0.03239102 -0.26513904  0.         -0.31667476]
[6 1 6 5],[ 0.         -0.07158738  0.         -0.27256318]
[6 1 5 4],[ 0.         -0.1        -0.16707338  0.02912337]
[6 4 5 5],[ 0.          0.         -0.09941182 -0.1       ]
[6 4 5 4],[ 0.          0.         -0.09154151  0.00547316]
[6 2 2 3],[ 0.          0.          0.05963331 -0.09435692]
[5 3 6 0],[-0.28872637 -0.37412538  0.          0.00308769]
[0 3 6 1],[ 0.02758138 -0.26522817  0.         -0.29275548]
[3 3 6 4],[-0.29555425 -0.44606883  0.          0.14343799]
[3 5 6 0],[-0.22854185  0.02907568  0.          0.0049375 ]
[3 2 2 0],[ 0.00757638  0.02988886 -0.001421    0.        ]
[0 6 3 1],[ 0.02747247  0.         -0.1087101  -0.41138767]
[3 6 3 5],[-0.47654587  0.         -0.39107172 -0.16925393]
[4 6 4 5],[0.00531147 0.         0.         0.        ]
[2 2 5 0],[0.0050009 0.        0.        0.       ]
[1 4 3 1],[-0.07686447 -0.27472479 -0.26143163 -0.31744098]
[4 4 3 1],[-0.02921957 -0.1678877  -0.21682721 -0.14246848]
[6 5 6 4],[ 0.         -0.06934922  0.         -0.05156847]
[6 5 6 5],[ 0.         -0.22238378  0.         -0.27625844]
[1 4 4 1],[-0.1        -0.04718736  0.01215186 -0.03345861]
[4 4 4 1],[ 0.15672453  0.         -0.0028532   0.00654487]
[2 4 4 2],[0.05395262 0.         0.         0.        ]
[2 2 4 1],[-0.00620081  0.00447026  0.          0.        ]
[1 0 4 4],[-0.22318348 -0.00180373  0.05996053 -0.04014344]
[3 6 6 1],[-0.31985999  0.          0.         -0.22934976]
[4 6 6 1],[-0.01976435  0.          0.         -0.21318382]
[3 4 4 1],[-0.35123169 -0.14845901 -0.09341965 -0.18267451]
[2 1 2 4],[-0.00084106  0.          0.          0.        ]
[4 1 4 1],[-0.05028154 -0.0909592  -0.0924293   0.12499397]
[1 1 4 1],[-0.20782621 -0.09355396 -0.17379148 -0.18224765]
[4 1 4 4],[ 0.0173922  -0.09592032  0.00552751  0.01215977]
[5 1 0 1],[-0.17456354 -0.10714827  0.05932055 -0.19172867]
[0 5 3 0],[ 0.06568821 -0.40326142 -0.5325568  -0.02053561]
[0 3 4 3],[-0.0212443  -0.24816723  0.02672283 -0.21697077]
[0 3 4 4],[ 0.01924233 -0.19491746 -0.06744877 -0.13955291]
[0 3 4 1],[ 0.04138761 -0.27478849  0.08973091 -0.17616065]
[0 1 4 1],[ 0.00219451 -0.12028827 -0.00209783 -0.1809833 ]
[0 4 4 4],[ 0.142975    0.03036873  0.04305444 -0.13995044]
[0 4 4 1],[ 1.80836037e-06 -5.24932233e-02  2.26601221e-02 -7.74672983e-02]
[0 1 4 5],[ 0.          0.14430796 -0.00351086 -0.09411249]
[0 4 4 5],[ 1.35428181e-05 -9.49993906e-02 -1.69019094e-02 -1.00000000e-01]
[0 1 1 1],[ 0.02463802 -0.14258627 -0.25434295 -0.25979825]
[0 1 6 1],[ 0.06501154 -0.28029632  0.         -0.03459774]
[4 5 5 1],[-0.1  0.   0.   0. ]
[4 5 5 4],[0. 0. 0. 0.]
[0 5 5 4],[0. 0. 0. 0.]
[1 0 1 6],[-0.26329562  0.21948581  0.05247749  0.        ]
[4 0 1 6],[0.10261194 0.16843604 0.07856992 0.        ]
[3 0 1 6],[-0.24230524  0.03330033 -0.13396238  0.        ]
[1 6 5 6],[-0.01105018  0.         -0.19323555  0.        ]
[3 0 4 3],[-0.30004706 -0.020021   -0.046514   -0.12315641]
[3 0 5 3],[-0.34200843 -0.09861892  0.04344284 -0.45421602]
[1 0 5 3],[-0.11593856 -0.04805393 -0.39442353 -0.38483017]
[1 3 4 1],[-0.36010921 -0.24518498  0.02736875 -0.21920388]
[3 0 6 3],[-0.3030767   0.00054121  0.         -0.52103594]
[3 0 6 4],[-0.41256672  0.02701026  0.          0.11019846]
[1 0 6 4],[-0.15990299  0.03753176  0.         -0.06856903]
[4 0 6 4],[-0.10525936  0.18571602  0.         -0.00814069]
[5 3 6 4],[-0.09995088 -0.081       0.          0.19173632]
[1 2 6 2],[0.04747166 0.         0.         0.05018344]
[0 4 6 5],[ 0.00939208 -0.05358623  0.         -0.18249168]
[5 1 6 3],[-0.27207198 -0.02714738  0.         -0.21712148]
[0 6 6 3],[ 0.01712052  0.          0.         -0.22508897]
[0 6 6 4],[0.15092139 0.         0.         0.10993071]
[5 6 6 1],[-0.22715388  0.          0.          0.02001256]
[5 6 6 4],[-0.14838196  0.          0.          0.00428071]
[2 3 4 2],[-0.00275474 -0.06346649  0.00069639  0.        ]
[0 0 6 6],[0.04422355 0.04864535 0.         0.        ]
[3 3 4 1],[-0.44604064 -0.21881973 -0.03509961 -0.13204238]
[4 6 3 4],[-0.11058459  0.         -0.16993998  0.02067993]
[0 6 3 5],[ 0.00258827  0.         -0.28087328 -0.12441782]
[0 6 4 6],[0.27168291 0.         0.28296624 0.        ]
[3 6 6 6],[0.0750694 0.        0.        0.       ]
[1 6 6 6],[0.07549903 0.         0.         0.        ]
[5 6 6 6],[-0.22710971  0.          0.          0.        ]
[1 3 3 5],[-0.16049714 -0.34861344 -0.35800936 -0.36243999]
[4 3 3 5],[-0.19692328 -0.1757261  -0.17691402 -0.17502035]
[5 0 6 6],[-0.09084225  0.00521509  0.          0.        ]
[2 4 3 2],[-0.00083757 -0.09697474 -0.09625541  0.00705197]
[2 1 3 2],[-0.02314426 -0.02260507 -0.18549111 -0.01630852]
[2 1 4 2],[-0.00102663 -0.09538169 -0.04992975  0.        ]
[2 1 2 2],[-0.1  0.   0.   0. ]
[5 1 2 2],[-0.1        -0.1         0.00771988  0.        ]
[4 1 2 2],[-0.09981739  0.          0.00753261  0.        ]
[0 4 2 2],[0.         0.         0.00388907 0.02451786]
[0 4 5 1],[ 0.          0.01771029 -0.07338696 -0.08683858]
[0 0 5 1],[-0.00253251  0.09702072 -0.11942791 -0.19434355]
[0 0 5 6],[ 0.14661     0.         -0.33331929  0.        ]
[3 0 5 6],[-0.44878518  0.         -0.09405992  0.        ]
[4 0 5 6],[-0.12370071  0.00985173 -0.25143826  0.        ]
[1 0 5 6],[-0.12882969  0.         -0.16249623  0.        ]
[3 0 4 6],[-0.47528252  0.02666464  0.02597151  0.        ]
[4 0 4 6],[-0.02217393  0.22595518 -0.15895343  0.        ]
[1 0 4 6],[-0.34166258  0.09247373 -0.02589344  0.        ]
[5 6 4 0],[-0.1254821   0.          0.04348323  0.00846251]
[3 6 6 5],[-0.24365367  0.          0.         -0.31011899]
[4 6 6 5],[-0.07511886  0.          0.         -0.16864186]
[1 6 6 5],[-0.05733956  0.          0.         -0.20845306]
[2 6 6 2],[0.00533468 0.         0.         0.02843644]
[6 1 0 5],[ 0.         -0.26702966  0.01461677 -0.30444678]
[3 3 5 3],[-0.48254967 -0.51692774 -0.41777341 -0.38271667]
[1 3 5 3],[ 0.04141632 -0.2767435  -0.3272759  -0.2555886 ]
[6 0 2 2],[0.         0.         0.         0.05717581]
[2 2 3 0],[0.01665637 0.03137832 0.00930052 0.        ]
[3 6 3 6],[-0.09616514  0.         -0.25388516  0.        ]
[0 1 4 3],[-0.01484282 -0.13570827 -0.04507796 -0.15138271]
[0 4 1 5],[ 0.00335587 -0.00627977 -0.0999987  -0.1520072 ]
[0 4 1 3],[ 0.00967417 -0.01614978 -0.33341266 -0.42173585]
[5 0 6 4],[-0.21146284  0.10886457  0.         -0.03608748]
[5 0 6 1],[-0.1708156   0.00167033  0.         -0.10287296]
[4 4 5 0],[ 0.17955621  0.         -0.09892289  0.        ]
[2 1 2 1],[-0.00367423 -0.09970816 -0.01351531 -0.1       ]
[2 4 2 1],[0.0711128 0.        0.        0.       ]
[5 6 6 3],[-0.25044885  0.          0.         -0.50227331]
[4 6 6 6],[-0.15624282  0.          0.          0.        ]
[6 5 5 0],[0.         0.         0.00472911 0.        ]
[0 6 6 1],[ 0.02666124  0.          0.         -0.31427138]
[4 4 3 3],[-0.12359429 -0.00812114 -0.2743347  -0.10182783]
[5 3 6 3],[-0.45125801 -0.42974934  0.         -0.40819448]
[0 6 6 6],[0.0410211 0.        0.        0.       ]
[5 1 4 1],[-0.09266807 -0.09963877 -0.0149182  -0.01216839]
[4 3 6 1],[ 0.03657005 -0.27613091  0.         -0.17776149]
[0 3 6 4],[ 0.02395619 -0.44643279  0.         -0.03411159]
[0 3 6 5],[ 0.02347531 -0.34103531  0.         -0.25996526]
[1 3 6 6],[-0.04276624 -0.29413235  0.          0.        ]
[4 3 6 6],[ 0.08668986 -0.209889    0.          0.        ]
[1 5 5 0],[-0.1        -0.09829204  0.00116665  0.        ]
[5 4 6 4],[-0.09949691  0.00147963  0.          0.        ]
[0 4 6 6],[0.0514312  0.00067546 0.         0.        ]
[0 1 6 6],[ 0.04333265 -0.22343193  0.          0.        ]
[2 2 4 4],[0.00081157 0.         0.         0.        ]
[4 4 4 4],[-0.05162032  0.00277532  0.         -0.04757547]
[4 3 0 5],[ 0.08020753 -0.1528612   0.00579823 -0.05947771]
[1 3 0 5],[-0.20549091 -0.2445109  -0.06581648 -0.22048355]
[4 0 3 6],[ 0.00081375  0.0170558  -0.24657661  0.        ]
[5 6 1 6],[-0.34929717  0.          0.01941172  0.        ]
[3 1 3 5],[-0.43121152  0.01393613 -0.3015021  -0.26049916]
[0 6 1 4],[ 0.05059247  0.         -0.11818289  0.06212771]
[3 4 1 6],[-0.0782961   0.04421949  0.01060018  0.        ]
[2 1 2 6],[0.22892833 0.         0.         0.        ]
[2 2 4 6],[0.01994215 0.00453723 0.00127955 0.        ]
[5 4 4 6],[-0.09973874  0.08821103  0.          0.        ]
[4 3 4 1],[ 0.06954036 -0.09953031 -0.0786259  -0.05882985]
[0 3 1 1],[-0.06692482 -0.29320252 -0.30084118 -0.26645059]
[0 2 2 6],[0.00036342 0.0025921  0.03494875 0.        ]
[3 6 5 6],[-0.39854268  0.         -0.07771059  0.        ]
[2 2 3 6],[ 0.0167262   0.         -0.09881922  0.        ]
[3 1 5 6],[-0.32771043 -0.21454278 -0.17501873  0.        ]
[5 6 5 6],[-0.23594182  0.         -0.15988137  0.        ]
[4 6 5 6],[-0.13296601  0.         -0.18137675  0.        ]
[0 6 5 1],[ 0.08275472  0.         -0.20289674  0.01534512]
[3 6 5 1],[-0.0984555   0.         -0.14811387 -0.03835188]
[4 6 5 1],[-0.01443795  0.         -0.10696227 -0.03114112]
[6 1 3 5],[ 0.         -0.03438826 -0.18252389 -0.12494331]
[3 4 4 4],[-0.11934363 -0.07824824 -0.08412269  0.07558975]
[3 0 4 4],[-0.21421018  0.00501615  0.00268267 -0.16384001]
[1 0 1 5],[-0.3050728   0.06842239 -0.15554408 -0.20622168]
[6 1 5 3],[ 0.          0.09993636 -0.19041843 -0.21343996]
[6 4 5 3],[ 0.          0.10547713 -0.09995603 -0.09      ]
[5 0 0 5],[-0.16297908  0.          0.          0.00966926]
[5 5 0 6],[-0.10705779 -0.18162681  0.          0.        ]
[5 3 1 4],[-0.10299475 -0.08530848 -0.1         0.22243777]
[1 4 0 5],[-0.11225815 -0.06019717  0.00338669 -0.15847545]
[4 4 0 5],[-0.01805524  0.06393048  0.         -0.07905786]
[3 6 0 5],[-0.26044738  0.          0.         -0.19579858]
[0 2 2 1],[ 0.          0.00065029  0.07310234 -0.08600322]
[3 2 4 2],[-0.00952602  0.05396363  0.          0.        ]
[3 4 1 4],[-0.32215398 -0.07761985 -0.18292563 -0.01779354]
[3 5 1 4],[ 0.00111818 -0.00620896 -0.08198518 -0.04587914]
[1 5 1 4],[-0.03457196 -0.10118362 -0.1        -0.08714751]
[2 4 1 2],[-0.00278327 -0.09528547 -0.09673722 -0.00405026]
[6 2 2 5],[ 0.00000000e+00  0.00000000e+00  9.11457788e-05 -9.99684248e-02]
[0 2 4 2],[0.         0.         0.00139062 0.02871355]
[0 5 1 3],[-0.00834226  0.02286286 -0.22791266 -0.18856008]
[0 5 1 4],[ 0.00315125 -0.09734619  0.19204984 -0.15191452]
[0 0 3 6],[ 2.39187537e-03  1.00714844e-05 -2.25621573e-02  0.00000000e+00]
[4 3 4 6],[-0.05591445 -0.14218606 -0.01614967  0.        ]
[3 0 3 6],[-2.52477547e-01  4.16963349e-05 -5.56066750e-01  0.00000000e+00]
[5 0 3 6],[-0.16121094  0.         -0.34703855  0.        ]
[5 6 3 1],[-0.20971388  0.         -0.20123317 -0.13313161]
[2 4 2 0],[0.02421189 0.         0.         0.        ]
[0 3 4 5],[ 0.         -0.18436634 -0.15240062 -0.21048909]
[3 4 0 5],[-0.16034292 -0.10239556 -0.0085223  -0.19097525]
[5 1 3 1],[-0.12730517 -0.20133488 -0.271      -0.18291268]
[1 5 4 1],[-0.1        -0.0885979  -0.08985881  0.11356724]
[1 5 5 1],[-0.1        -0.1         0.00304319  0.        ]
[0 5 4 6],[ 0.          0.01061356 -0.05409357  0.        ]
[0 5 3 6],[ 0.00126474 -0.23704786 -0.03550056  0.        ]
[6 4 2 2],[0.         0.         0.         0.01326496]
[6 5 1 4],[0.         0.         0.16323743 0.06597501]
[2 1 2 3],[-0.00965561 -0.02811953  0.16589878  0.        ]
[2 4 2 3],[0.00310428 0.07421039 0.         0.        ]
[3 5 3 6],[-0.41407388 -0.21444958 -0.44042879  0.        ]
[5 5 3 6],[-0.08601357 -0.14097527 -0.17286248  0.        ]
[6 0 4 5],[ 0.          0.003645    0.09562183 -0.06849175]
[6 5 1 1],[ 0.         -0.18780012 -0.10501719 -0.15218201]
[0 0 3 5],[-0.02084446 -0.02340342 -0.44171309 -0.32931838]
[5 4 4 3],[0.03289121 0.         0.         0.        ]
[2 2 3 3],[ 0.01134594 -0.04049764 -0.07657385 -0.10706802]
[3 1 5 4],[-0.1        -0.1         0.01289855 -0.09610039]
[3 1 5 1],[-0.16989761 -0.1954377  -0.05204707 -0.20539143]
[1 1 5 1],[-0.16515413 -0.14801046 -0.09415587 -0.17447875]
[4 1 5 1],[-0.08016875  0.08740676  0.          0.        ]
[4 1 5 4],[0.00192771 0.         0.         0.        ]
[1 1 5 4],[-0.01856519 -0.08628792 -0.10237523 -0.06550152]
[3 2 2 4],[-0.1         0.17669329  0.00345491  0.        ]
[4 2 2 4],[-0.1         0.10128591  0.          0.        ]
[1 2 2 1],[-0.0752779  -0.00246806 -0.01079028  0.17929663]
[4 2 2 1],[0.11920693 0.         0.         0.        ]
[0 2 2 4],[ 0.00907452  0.          0.02227787 -0.09625651]
[5 1 4 6],[-0.09072564 -0.08239875  0.05422052  0.        ]
[2 2 3 4],[-0.01143393  0.00977491 -0.08999982  0.00010516]
[3 1 5 3],[-0.28568836 -0.27975904 -0.16904525 -0.18474443]
[1 1 5 3],[-0.26591869 -0.24755104 -0.30131473 -0.06070453]
[1 4 5 3],[-0.06466239 -0.00297986 -0.00024026  0.00034531]
[2 2 3 1],[-0.02196129 -0.01810826 -0.1        -0.1       ]
[6 3 3 5],[ 0.         -0.33697018 -0.30603425  0.06710785]
[6 2 3 2],[ 0.          0.         -0.09594431  0.02458767]
[4 1 5 3],[-0.0972429  -0.1143821  -0.0515358  -0.09999931]
[1 6 5 3],[-0.3918847   0.          0.05147056 -0.32570595]
[4 6 5 3],[-0.00887412  0.         -0.05205511 -0.08911326]
[1 6 5 5],[-0.00876339  0.          0.00994115 -0.0922797 ]
[5 1 3 3],[-0.21759064 -0.36264725 -0.40597408 -0.39881418]
[0 6 6 5],[ 0.          0.          0.         -0.21342844]
[5 3 1 3],[-0.3028277  -0.35610007 -0.37773096 -0.33906907]
[5 0 1 3],[-0.10717905 -0.05308234 -0.17467012 -0.28091719]
[0 3 1 5],[-0.03520796 -0.33528688 -0.14362664 -0.3346295 ]
[5 5 0 3],[-0.0439916  0.         0.         0.       ]
[5 0 3 1],[-0.26719353 -0.04216422 -0.32382126 -0.31098547]
[2 3 2 4],[ 0.01080474 -0.18961734 -0.00333108  0.        ]
[2 3 2 1],[-0.008356   -0.09964692  0.00292721  0.03090063]
[2 2 0 5],[0.00792327 0.         0.         0.        ]
[5 4 0 5],[0. 0. 0. 0.]
[6 5 3 5],[ 0.         -0.07775561 -0.19       -0.17382686]
[6 5 4 1],[ 0.         -0.08754959  0.18333328 -0.07695147]
[2 0 4 2],[0.02680564 0.         0.         0.00659222]
[5 0 4 4],[-0.06447314  0.          0.18852159 -0.08392641]
[0 1 6 5],[ 0.04762514 -0.19225424  0.         -0.20072495]
[5 4 6 3],[-0.23659572 -0.15401216  0.         -0.21361705]
[2 4 2 6],[0.18425813 0.         0.         0.        ]
[5 4 3 1],[-0.17102446 -0.14130834 -0.18662326 -0.07957433]
[5 0 1 6],[-0.33392601  0.02693317  0.10240818  0.        ]
[1 1 3 5],[ 0.02735775 -0.29384853 -0.33019518 -0.3061489 ]
[1 4 3 5],[-0.07732288 -0.03856775 -0.08933557 -0.19327226]
[5 4 1 1],[ 0.00205265 -0.06830725  0.          0.        ]
[0 5 4 1],[ 0.16433541 -0.13346172 -0.159049   -0.1704958 ]
[0 5 5 1],[0.   0.   0.   0.09]
[3 5 5 1],[-0.181      -0.08514955 -0.10035366 -0.1       ]
[1 4 5 1],[0.13460456 0.         0.         0.02788213]
[3 4 5 1],[-0.10477914 -0.11731063 -0.11368274 -0.08954822]
[1 5 1 1],[-0.07721509 -0.12619719 -0.03461696 -0.02636665]
[2 2 1 1],[-0.01296355 -0.01243963 -0.09971872 -0.03371639]
[5 5 1 1],[0.01127677 0.         0.         0.        ]
[5 5 4 1],[0.02124094 0.         0.         0.        ]
[4 5 0 4],[-0.09       -0.00492175  0.01042601  0.        ]
[5 6 1 0],[-0.0334321   0.         -0.34650614  0.00341353]
[5 4 1 6],[-0.0964184  -0.09529394  0.10743735  0.        ]
[3 5 4 6],[-0.26046556 -0.19635668  0.00164775  0.        ]
[3 5 1 6],[-0.32768041 -0.11315498 -0.15729758  0.        ]
[4 5 1 6],[ 0.0595645  -0.06824775 -0.0604921   0.        ]
[1 1 5 6],[-0.31144804 -0.31623596 -0.24210461  0.        ]
[4 1 5 6],[-0.03358493 -0.09981909 -0.08404396  0.        ]
[6 5 3 4],[ 0.         -0.08158683 -0.17662422  0.01589245]
[3 2 0 2],[-0.1490378   0.02340919  0.         -0.00042611]
[6 6 5 5],[ 0.          0.         -0.16674098  0.01320985]
[2 3 2 3],[-0.02026989 -0.09875858 -0.02295688 -0.08787687]
[4 0 4 3],[-0.1236897   0.00063155 -0.02627    -0.24075547]
[3 2 3 2],[-0.08753574 -0.02659118 -0.09084965  0.01321636]
[1 2 3 2],[-0.09979694 -0.02036228 -0.07911394 -0.03684778]
[0 2 3 2],[0.         0.00511348 0.00117189 0.02055838]
[3 4 4 5],[-0.26753759 -0.01910607 -0.00028705  0.23493768]
[4 4 4 5],[-0.1        -0.09589777 -0.1        -0.07993638]
[2 4 2 5],[ 0.   0.   0.  -0.1]
[2 4 2 4],[0.00696371 0.         0.         0.        ]
[3 4 5 3],[-0.19411331 -0.18226559 -0.24637115 -0.25496372]
[4 4 5 3],[0.01289466 0.00075288 0.00165673 0.        ]
[6 1 5 5],[ 0.         -0.01876339  0.         -0.09      ]
[1 5 1 3],[-0.21241045 -0.21258595 -0.2342414  -0.22019887]
[4 5 4 3],[-0.07397729 -0.10297571 -0.15250167 -0.09974956]
[0 5 4 3],[ 0.07758883 -0.13145664 -0.04810103 -0.1623958 ]
[1 4 2 2],[-0.1         0.00117685  0.          0.02645281]
[1 0 2 2],[-0.022662    0.          0.          0.05380848]
[1 3 5 6],[-0.37662093 -0.37511164 -0.19811148  0.        ]
[3 3 5 6],[-0.33868758 -0.32076483 -0.01110876  0.        ]
[1 4 5 6],[-0.18099127 -0.0664603  -0.17112027  0.        ]
[4 4 5 6],[ 0.15640579 -0.1         0.          0.        ]
[0 6 5 6],[ 0.00048196  0.         -0.06699624  0.        ]
[1 3 5 4],[-0.07550879 -0.1        -0.1212207  -0.09393583]
[1 3 5 1],[-0.18057937 -0.16639511 -0.15454101 -0.15516237]
[0 3 5 1],[ 0.00787482 -0.2954296  -0.26678065  0.01301383]
[0 3 5 5],[-0.00381421 -0.1        -0.18848964 -0.18137854]
[0 3 0 5],[ 0.05781239 -0.34164843 -0.00783237 -0.18819001]
[5 1 3 4],[-0.05370202 -0.03704414 -0.09       -0.01391004]
[6 0 5 5],[ 0.          0.         -0.08830298 -0.08222892]
[5 0 4 6],[-0.06509797  0.11531489 -0.17692274  0.        ]
[2 2 4 3],[0.00329164 0.         0.         0.00018285]
[1 5 6 1],[ 0.08188248 -0.12689702  0.         -0.17613635]
[1 5 6 4],[-0.11460455 -0.19        0.         -0.17454064]
[3 0 2 2],[-0.26681934  0.         -0.00215945  0.10970968]
[4 0 2 2],[0.01241194 0.         0.01612248 0.        ]
[1 0 4 5],[ 0.03846296 -0.00492815 -0.10002952 -0.1252674 ]
[3 3 3 5],[-0.41884927 -0.4390991  -0.46620335 -0.45773246]
[1 5 3 5],[-0.1         0.00445129  0.00042621  0.        ]
[3 5 3 5],[-0.019      -0.19339627 -0.1        -0.105     ]
[4 0 4 4],[-0.08124648  0.         -0.06510966  0.07118052]
[5 3 1 6],[-0.16716671 -0.29093055 -0.04776658  0.        ]
[5 3 4 6],[-0.08386466 -0.266       0.12393198  0.        ]
[5 4 3 6],[-0.17896845 -0.08916813 -0.01498383  0.        ]
[3 3 6 6],[-0.03266463 -0.32185258  0.          0.        ]
[5 3 6 6],[-0.00569055 -0.50252557  0.          0.        ]
[4 1 6 6],[ 0.15901896 -0.13479597  0.          0.        ]
[1 1 6 6],[ 0.17015522 -0.29576458  0.          0.        ]
[4 4 6 6],[0.09920111 0.02427007 0.         0.        ]
[1 4 6 6],[-0.24346841 -0.01643927  0.          0.        ]
[2 1 2 5],[0.09660678 0.         0.         0.        ]
[1 1 4 5],[-0.08993729 -0.1         0.02640952 -0.10593515]
[3 6 5 0],[-0.05756327  0.         -0.34039769  0.        ]
[4 6 5 0],[-0.12793701  0.         -0.19226549  0.00058638]
[3 6 4 5],[-0.08582597  0.          0.21739488 -0.01639402]
[6 2 4 2],[0.         0.         0.         0.05164621]
[3 4 2 2],[-0.18999672 -0.07823156 -0.0008376   0.0258976 ]
[3 1 2 2],[-0.1        -0.1         0.07758779 -0.02250142]
[1 1 2 2],[-0.09957252 -0.01807563 -0.00892108 -0.00792959]
[1 5 4 4],[-0.00959271 -0.0999033  -0.1         0.        ]
[4 6 3 5],[ 0.00206151  0.         -0.22846416 -0.29573219]
[5 3 0 5],[ 0.09681453 -0.1         0.         -0.10022614]
[3 5 0 3],[-0.27898471 -0.49098465 -0.09819268 -0.46204898]
[6 5 1 3],[ 0.         -0.08516597 -0.19878788 -0.24191156]
[2 1 2 0],[0.09620375 0.00282413 0.         0.        ]
[5 4 1 0],[0.03768549 0.         0.00135907 0.        ]
[4 4 2 2],[0.00060933 0.         0.         0.        ]
[2 4 2 2],[-0.1  0.   0.   0. ]
[0 0 4 5],[ 0.06638115  0.         -0.03028997 -0.16196361]
[4 5 3 4],[-0.1        -0.09293473 -0.03316307  0.        ]
[1 5 3 4],[-0.0650895  -0.15353064 -0.1        -0.10797327]
[4 1 3 5],[-0.10663893 -0.07262059 -0.10930094 -0.22068178]
[4 3 2 2],[1.04009298e-01 0.00000000e+00 5.47630000e-05 0.00000000e+00]
[3 3 2 2],[-0.1        -0.18569743 -0.00860771  0.10832006]
[1 3 2 2],[ 0.1116384  -0.09914746 -0.01193702 -0.01219649]
[5 6 3 4],[-0.20210307  0.         -0.18971997 -0.04976919]
[6 3 5 4],[ 0.00000000e+00 -9.59457800e-02  1.32220000e-04  1.51064146e-01]
[1 3 1 5],[-0.17979318 -0.17464048 -0.17163608 -0.04902841]
[3 0 3 5],[-0.40533592 -0.05479984 -0.27705049 -0.36593114]
[5 2 1 2],[0. 0. 0. 0.]
[5 2 4 2],[0. 0. 0. 0.]
[5 5 3 4],[-0.00474539 -0.1        -0.1         0.        ]
[4 5 4 1],[-0.00073678 -0.09567876  0.00022427  0.        ]
[5 4 3 4],[-0.00619701 -0.00062153 -0.09976104  0.        ]
[3 4 3 5],[-0.1426036   0.03699144 -0.1253235  -0.10322283]
[5 0 3 5],[-0.1         0.         -0.09999464 -0.07753748]
[0 3 3 5],[-0.10539734 -0.45635964 -0.08327065 -0.46634265]
[5 2 3 2],[0.0349014 0.        0.        0.       ]
[0 0 5 3],[-0.01897924 -0.01561059 -0.40492897 -0.25790565]
[4 0 5 3],[-0.03552516  0.00214406 -0.16150284 -0.19      ]
[5 4 0 1],[-0.10488885 -0.10053456 -0.00776981 -0.09730024]
[2 0 2 1],[0.0506256  0.         0.00404286 0.        ]
[6 5 4 4],[ 0.         -0.08509931 -0.08599736 -0.1       ]
[6 5 2 2],[0.         0.         0.         0.00851203]
[2 6 2 0],[0.06089458 0.         0.00537825 0.        ]
[4 5 1 3],[ 0.16258929  0.10004167  0.00991133 -0.1       ]
[3 6 1 5],[-0.18682747  0.         -0.16788021 -0.02290571]
[2 0 2 3],[ 0.         0.         0.0124049 -0.1799938]
[0 0 6 5],[ 0.12980277  0.03726135  0.         -0.32113918]
[5 0 6 5],[-1.87540963e-01  1.83388155e-04  0.00000000e+00 -1.44269379e-01]
[3 5 3 3],[-0.40608969 -0.40766231 -0.44423484 -0.42716977]
[5 4 2 2],[0. 0. 0. 0.]
[5 0 2 2],[-0.019459    0.          0.          0.01617833]
[1 3 6 5],[-0.03097409 -0.30652645  0.         -0.27174106]
[5 6 1 4],[-0.0849107   0.          0.02987407 -0.13791894]
[2 6 2 5],[ 0.00407862  0.          0.         -0.09978943]
[0 6 5 5],[ 0.00405  0.       0.      -0.1    ]
[6 5 4 3],[ 0.         -0.00361732  0.         -0.00633915]
[6 5 5 3],[ 0.          0.         -0.09892592 -0.109     ]
[6 5 5 1],[ 0.          0.00193527 -0.09585553 -0.095725  ]
[6 3 5 5],[ 0.          0.          0.06046309 -0.1       ]
[1 3 5 5],[ 0.08058704 -0.09       -0.00194993 -0.00818161]
[3 1 6 6],[-0.18197734 -0.10809931  0.          0.        ]
[5 1 6 6],[-0.2015078   0.10381087  0.          0.        ]
[0 0 2 2],[0.         0.00070391 0.09439798 0.05218585]
[0 0 1 5],[ 0.16482887  0.          0.04962908 -0.24183963]
[6 5 5 5],[0.         0.         0.         0.00012474]
[0 2 2 3],[ 0.          0.02263371 -0.00371518 -0.09538655]
[0 2 2 2],[ 0.   0.   0.  -0.1]
[3 5 0 5],[-0.09633472 -0.10020248  0.         -0.00024878]
[1 5 0 5],[-0.05610925  0.00687882  0.         -0.09491971]
[4 5 0 5],[ 0.00103987  0.          0.         -0.00976985]
[5 6 6 5],[-0.19381288  0.          0.         -0.17498826]
[5 5 1 3],[-0.08751074 -0.0046896   0.171475    0.        ]
[5 2 2 3],[-0.08786324  0.          0.          0.        ]
[4 3 5 3],[-0.04730597 -0.09942385 -0.13105308 -0.08035503]
[0 5 0 5],[ 0.         -0.0281575   0.         -0.11739364]
[4 1 4 5],[-0.01985193 -0.0998815  -0.01326152 -0.09528885]
[4 1 1 5],[-0.10882336 -0.1        -0.08573481 -0.10125356]
[0 6 5 4],[ 0.00705075  0.         -0.12264899 -0.04646782]
[5 6 5 0],[-0.09971234  0.         -0.04131461  0.00264217]
[4 4 3 5],[-0.08213243  0.15919026  0.          0.        ]
[5 0 4 5],[4.87919516e-06 0.00000000e+00 1.35214265e-05 0.00000000e+00]
[3 5 2 2],[1.26358426e-06 0.00000000e+00 0.00000000e+00 0.00000000e+00]
[2 5 2 2],[2.45295237e-06 0.00000000e+00 0.00000000e+00 0.00000000e+00]
[1 5 2 2],[-0.1        -0.09880019 -0.00107989  0.00135467]
[4 5 2 2],[3.5901782e-06 0.0000000e+00 0.0000000e+00 0.0000000e+00]
[5 4 1 4],[-0.00210149 -0.09402915  0.          0.        ]
[5 1 5 0],[-0.01218634 -0.1         0.          0.        ]
[5 5 3 0],[-0.12972606 -0.1008424  -0.09999938  0.        ]
[6 5 1 5],[ 0.          0.1         0.         -0.08580562]
[0 3 2 2],[ 0.         -0.08896414  0.00689478  0.00992239]
[0 6 4 5],[ 0.          0.          0.04277926 -0.08877279]
[1 6 5 4],[-0.1         0.         -0.13132232 -0.0307736 ]
[4 6 5 4],[0.00759908 0.         0.         0.00114295]
[3 6 5 3],[-0.087441    0.         -0.36653533 -0.32697652]
[4 0 1 5],[-0.0998763   0.16371339 -0.16718631 -0.04675882]
[5 3 3 5],[-0.12852649 -0.15252544 -0.18950232 -0.12135515]
[0 6 5 3],[ 0.          0.         -0.24433197 -0.48634594]
[0 3 5 3],[-0.11715976 -0.31022393 -0.27082946 -0.39636137]
[2 2 6 6],[0.02413445 0.00280448 0.         0.        ]
[0 5 4 5],[ 0.1     0.     -0.0955 -0.095 ]
[3 5 4 5],[-0.1        -0.09487253  0.          0.        ]
[3 5 1 5],[-0.08062603 -0.09492967 -0.1        -0.09984222]
[2 5 2 5],[0. 0. 0. 0.]
[2 5 2 0],[0.00104428 0.         0.         0.        ]
[2 1 1 2],[-0.02452871 -0.05007785 -0.05000799 -0.01854018]
[4 4 1 5],[-0.1        -0.09981697  0.09842053  0.        ]
[3 5 3 4],[-0.18941553 -0.10048107 -0.1        -0.17144553]
[5 3 5 0],[-0.17997102 -0.18964317 -0.09997938  0.        ]
[4 4 6 1],[-0.05653188  0.01171229  0.         -0.01680631]
[4 5 6 1],[-0.08681458 -0.07999845  0.          0.05044458]
[3 6 5 4],[-0.14472765  0.         -0.09435352  0.10851098]
[5 0 4 1],[-0.00032818  0.          0.07979521 -0.1       ]
[5 0 1 5],[-0.07912518  0.          0.00055592 -0.00022507]
[4 6 1 5],[-0.03760876  0.         -0.09987347 -0.18100453]
[4 5 4 6],[6.91581081e-03 0.00000000e+00 4.20092283e-05 0.00000000e+00]
[5 5 3 5],[-0.1  0.   0.   0. ]
[0 4 3 5],[-0.00172066 -0.12151957 -0.02868559 -0.1749734 ]
[2 2 5 3],[-0.00298797  0.          0.          0.00071575]
[5 4 5 3],[0. 0. 0. 0.]
[0 5 3 3],[-0.09510832  0.02961446 -0.40427402 -0.43148688]
[0 5 3 4],[-0.0039692  -0.09951357 -0.09122252 -0.04705867]
[0 5 3 1],[-0.06163545 -0.11726393 -0.2172775  -0.20905968]
[3 5 0 4],[-0.23006696 -0.22397526 -0.01146317 -0.12119476]
[3 1 4 5],[-0.19850984 -0.09928742  0.01995931 -0.13359889]
[2 3 1 2],[-0.00485688 -0.18979053 -0.07100166 -0.01468692]
[2 2 1 4],[-0.00089159  0.00111732  0.          0.        ]
[2 5 3 2],[0.00906844 0.         0.         0.00248551]
[5 5 4 3],[0.00021981 0.         0.         0.        ]
[5 6 3 5],[-0.13708082  0.         -0.08999374 -0.15369936]
[0 3 6 3],[ 0.00187734 -0.63114236  0.         -0.44194451]
[0 5 6 1],[ 0.0431856  -0.28336389  0.         -0.09080703]
[3 5 6 1],[-0.29810111 -0.08726427  0.         -0.28209482]
[3 5 6 4],[-0.15597672 -0.23671295  0.         -0.08209216]
[5 6 2 2],[-0.09754531  0.          0.          0.00540397]
[2 0 2 4],[0.12321417 0.         0.         0.        ]
[4 5 1 4],[-0.095275   -0.09322064  0.07737809  0.        ]
[4 2 3 2],[-0.00032131 -0.00280504 -0.04456439  0.00708867]
[5 6 5 3],[-0.13717916  0.         -0.1        -0.18924165]
[5 1 5 4],[-0.00092826  0.          0.          0.        ]
[5 1 5 1],[-0.1        -0.1        -0.10713455  0.12668417]
[5 1 5 5],[0. 0. 0. 0.]
[1 1 5 5],[-0.1        -0.1         0.00566485  0.        ]
[2 5 1 2],[0.00427288 0.         0.         0.        ]
[2 5 4 2],[0. 0. 0. 0.]
[4 5 4 4],[0.10450784 0.         0.00025044 0.        ]
[3 5 4 4],[-0.1        -0.005       0.13468688  0.        ]
[0 5 4 4],[0.         0.01705754 0.         0.05611941]
[4 5 5 0],[1.74880702e-05 0.00000000e+00 0.00000000e+00 0.00000000e+00]
[1 3 4 5],[-0.1        -0.1        -0.04108736 -0.11629357]
[4 3 4 5],[-0.0955     -0.09589777  0.06654855 -0.1       ]
[3 3 5 1],[-0.33471561 -0.34141114 -0.29145129 -0.05137411]
[5 3 5 1],[-0.00084453 -0.00441795 -0.0953034   0.08535271]
[4 3 5 1],[-0.08999183 -0.18825504 -0.021134   -0.09921636]
[3 0 5 1],[-0.21776213 -0.05207636 -0.19991135 -0.03654237]
[5 0 5 1],[-0.09252651  0.00021989  0.         -0.09997318]
[1 0 5 1],[-0.14655869 -0.00506518 -0.17836531 -0.19591083]
[2 0 2 6],[0.05654544 0.         0.         0.        ]
[4 5 5 6],[-0.1  0.   0.   0. ]
[5 0 5 3],[-0.09775115  0.         -0.09251554 -0.01899894]
[0 1 5 3],[-0.02970423 -0.18528018 -0.02234058 -0.16126568]
[4 6 5 5],[0.         0.         0.00365512 0.        ]
[3 5 6 3],[-0.44135187 -0.41290177  0.         -0.341452  ]
[1 5 6 3],[ 0.18208208 -0.30012005  0.         -0.26975329]
[5 0 3 3],[-0.39231754 -0.11443994 -0.46037184 -0.27271803]
[0 5 5 3],[ 0.         -0.10166835 -0.19121846 -0.19      ]
[3 5 5 3],[-0.1        -0.00908371 -0.00222819 -0.0045    ]
[1 5 5 3],[0.15786738 0.00032919 0.         0.        ]
[0 0 5 4],[ 0.00635161  0.         -0.18663661  0.00618822]
[0 0 5 5],[-3.54329172e-05  0.00000000e+00 -7.74484059e-02 -2.93669927e-02]
[3 0 5 5],[-0.18024946 -0.00951183 -0.1        -0.06703737]
[1 0 5 5],[-0.1         0.         -0.09137924 -0.09994745]
[4 0 5 5],[0.19501072 0.         0.         0.        ]
[3 3 5 4],[-0.31029485 -0.32985302 -0.25731587  0.04191235]
[4 3 5 4],[-0.00496411 -0.18459581 -0.09528615 -0.00075299]
[3 0 4 5],[-0.26460117 -0.0119642  -0.19600901 -0.25590093]
[4 0 4 5],[0.00077358 0.         0.0690839  0.        ]
[5 3 6 1],[-0.2942479  -0.27593785  0.         -0.28728126]
[1 1 6 5],[-0.10498233 -0.18338433  0.         -0.2556669 ]
[4 2 2 2],[0.07115827 0.         0.         0.        ]
[1 2 2 2],[ 0.13923705 -0.09999987  0.          0.        ]
[6 2 2 2],[0.         0.         0.         0.00020455]
[0 3 6 6],[ 0.10002729 -0.27658053  0.          0.        ]
[5 5 6 3],[-0.22139104 -0.08023467  0.         -0.24533818]
[0 5 6 6],[ 0.00210695 -0.08608864  0.          0.        ]
[1 5 4 5],[0.         0.08214999 0.         0.        ]
[4 5 6 4],[-0.03223965 -0.09893959  0.          0.00279471]
[0 5 6 3],[ 0.00062302 -0.07167772  0.         -0.24663603]
[2 0 6 2],[0.03157529 0.         0.         0.00065505]
[1 5 1 6],[-0.2266959  -0.23185167  0.23975455  0.        ]
[3 0 1 5],[-0.27820608  0.00296323 -0.25055319 -0.33769855]
[3 4 6 6],[-0.53841051  0.02541182  0.          0.        ]
[5 4 6 6],[-0.14200731 -0.09866606  0.          0.        ]
[4 4 5 1],[0.0369691 0.        0.        0.       ]
[4 0 5 1],[-0.02453898  0.         -0.08895968 -0.1       ]
[0 3 5 4],[ 0.         -0.11124891 -0.08842541  0.0451997 ]
[3 4 5 6],[-0.08921461 -0.03529134 -0.15327804  0.        ]
[3 1 6 5],[-0.33912925  0.12256558  0.         -0.35874057]
[2 2 3 2],[-0.0017043 -0.0002406  0.         0.       ]
[1 4 5 4],[-0.06914435  0.          0.          0.00169431]
[1 0 5 4],[-0.1682425   0.         -0.09954236  0.05601373]
[5 0 5 4],[-0.09999622  0.          0.          0.        ]
[0 5 6 4],[ 0.         -0.19217208  0.         -0.1       ]
[0 5 6 5],[ 0.         -0.16705891  0.         -0.0876008 ]
[1 4 4 5],[-0.02785002  0.          0.         -0.09064945]
[1 5 6 6],[-0.07257554 -0.23765023  0.          0.        ]
[0 2 2 5],[ 0.        0.        0.       -0.099315]
[6 5 4 5],[ 0.          0.          0.109275   -0.09998697]
[5 3 4 1],[-0.09750543 -0.16328438 -0.01624789 -0.04671139]
[4 5 6 6],[ 0.04749403 -0.13268797  0.          0.        ]
[5 6 4 5],[-0.09987347  0.          0.          0.10012514]
[3 3 1 5],[-0.33533529 -0.29521723 -0.32921079 -0.31520308]
[1 5 1 5],[-0.1         0.00321853  0.          0.        ]
[4 5 1 5],[-0.01       -0.09185496  0.          0.        ]
[5 5 1 5],[0.00023672 0.         0.         0.        ]
[3 4 5 4],[-0.07546511 -0.00691673 -0.09413334  0.00029302]
[2 3 6 2],[ 0.02941008 -0.09864049  0.          0.        ]
[3 1 5 5],[-0.1        -0.13049546 -0.06971439 -0.10011869]
[5 2 0 2],[-0.09178742 -0.00038849  0.          0.00368624]
[2 0 1 2],[0.08342224 0.         0.00126319 0.00756888]
[5 4 4 1],[-0.08692693  0.01084395  0.          0.        ]
[4 5 3 5],[0.1 0.  0.  0. ]
[3 6 5 5],[-0.09916383  0.          0.         -0.03446605]
[5 6 1 5],[-0.1         0.         -0.18767948 -0.07990333]
[2 2 0 2],[0.00757972 0.         0.         0.        ]
[5 3 5 3],[-0.00567724 -0.10006359 -0.00977973 -0.1       ]
[4 2 4 2],[0.02354099 0.         0.         0.        ]
[5 3 4 4],[-0.08727455 -0.1        -0.09604716  0.04060246]
[4 3 1 5],[-0.01123006 -0.1        -0.04216539 -0.16363264]
[5 5 1 6],[-0.1        -0.13753606 -0.0999783   0.        ]
[3 5 6 6],[-0.46360886 -0.09639731  0.          0.        ]
[5 0 5 6],[0.00308567 0.         0.         0.        ]
[5 2 2 6],[-0.09876812  0.02688417  0.          0.        ]
[1 5 5 6],[0.17668307 0.         0.         0.        ]
[3 5 5 6],[-0.1        -0.17165914  0.0171      0.        ]
[0 4 5 6],[ 0.00186628  0.00575721 -0.18371988  0.        ]
[0 5 5 6],[ 0.          0.12156765 -0.15009776  0.        ]
[5 5 6 6],[-0.13831989 -0.30759591  0.          0.        ]
[3 3 4 5],[-0.13596761 -0.19       -0.17209769 -0.09671505]
[4 1 5 5],[0.09976388 0.         0.         0.        ]
[1 4 5 5],[-0.1  0.   0.   0. ]
[5 4 5 5],[0. 0. 0. 0.]
[5 3 5 4],[-0.00112017  0.          0.          0.        ]
[1 5 4 6],[-0.1        -0.09077368  0.12232727  0.        ]
[5 1 5 6],[-0.09597674 -0.00975     0.00833044  0.        ]
[5 4 5 6],[6.18731613e-05 0.00000000e+00 0.00000000e+00 0.00000000e+00]
[5 0 4 3],[-0.05704816 -0.00102579  0.05769073 -0.0999999 ]
[5 3 6 5],[ 0.00516241 -0.09976826  0.          0.        ]
[2 2 6 1],[0.12108808 0.         0.         0.01548279]
[3 0 5 4],[-0.16597278  0.         -0.08293065  0.01284695]
[4 0 5 4],[0.0050706 0.        0.        0.       ]
[1 4 6 5],[-0.1         0.01227971  0.          0.        ]
[4 4 5 4],[0.10267953 0.00037088 0.         0.        ]
[0 1 5 1],[ 0.08425546 -0.01566281 -0.03817412 -0.06805333]
[0 1 5 4],[0.00000000e+00 8.84969124e-06 2.85597631e-03 1.11528227e-01]
[3 2 2 5],[-0.1         0.00672444  0.          0.        ]
[1 2 2 5],[-0.1        0.0119597  0.         0.       ]
[5 2 2 5],[0. 0. 0. 0.]
[4 5 6 3],[ 0.07634594 -0.08999922  0.         -0.33750264]
[3 4 6 5],[-0.00456547  0.1298688   0.         -0.18193099]
[2 5 0 2],[0.00820609 0.         0.         0.        ]
[3 3 5 5],[-0.15896064 -0.18360883 -0.08837455 -0.12400595]
[3 3 6 5],[-0.43011977 -0.28728366  0.         -0.24775841]
[0 5 3 5],[ 0.         -0.08993618 -0.1674415  -0.10065247]
[0 1 2 2],[ 0.07421901 -0.08128152  0.00191584  0.01589934]
[4 1 6 5],[-0.08475636 -0.09788931  0.         -0.09085854]
[0 4 5 3],[-0.00736236 -0.03095289 -0.09475091 -0.1       ]
[0 4 5 4],[0.         0.         0.         0.03998714]
[5 1 5 3],[-0.01966603 -0.1        -0.10190191 -0.10065143]
[4 3 6 5],[ 0.01956367  0.00127984  0.         -0.09270122]
[5 1 0 5],[-0.08145344  0.00629677  0.          0.        ]
[5 4 3 5],[-0.08871515  0.          0.          0.        ]
[5 1 6 5],[-0.09745951 -0.02283309  0.          0.        ]
[5 4 6 1],[-0.09955892  0.11474994  0.          0.00410263]
[4 3 5 5],[ 0.07877359 -0.1         0.          0.        ]
[2 2 2 6],[0.0003899 0.        0.        0.       ]
[5 5 4 6],[0.10288173 0.         0.         0.        ]
[5 1 4 5],[-0.09909236  0.          0.          0.        ]
[0 5 2 2],[0.         0.         0.         0.08700074]
[2 4 5 2],[0.0069061 0.        0.        0.       ]
[5 5 0 4],[-0.1 -0.1  0.   0. ]
[5 5 1 4],[0. 0. 0. 0.]
[1 5 6 5],[0.         0.         0.         0.00182263]
[4 5 5 3],[0.00812354 0.         0.         0.        ]
[2 0 2 5],[-3.40216121e-05  0.00000000e+00  0.00000000e+00  3.24078277e-03]
[0 5 1 5],[ 0.          0.          0.1        -0.09963257]
[5 3 4 5],[-0.09028736  0.          0.          0.00016157]
[2 5 6 2],[0.00126448 0.         0.         0.        ]
[5 4 4 4],[0.00459633 0.         0.00023466 0.        ]
[5 5 4 0],[0.00411114 0.         0.         0.        ]
[6 2 5 2],[0.         0.00335883 0.         0.00405   ]
[2 2 6 4],[0.01803706 0.         0.         0.        ]
[4 4 6 5],[-0.1         0.10690166  0.          0.        ]
[5 4 6 5],[-0.09687953  0.00024498  0.          0.        ]
[2 2 4 5],[0. 0. 0. 0.]
[5 4 5 0],[-0.08379344  0.          0.          0.        ]
[2 6 5 2],[0.01345316 0.         0.         0.        ]
[5 6 5 4],[5.43819437e-03 0.00000000e+00 1.14714233e-05 0.00000000e+00]
[5 5 5 0],[6.95823903e-05 0.00000000e+00 0.00000000e+00 0.00000000e+00]
[5 3 5 6],[-0.09672297 -0.08999656  0.10277691  0.        ]
[0 4 5 5],[ 0.          0.         -0.09588791 -0.09549995]
[5 2 2 0],[-0.09499091  0.00050238  0.          0.        ]
[5 1 1 5],[-0.00245178 -0.1         0.09975     0.        ]
[2 1 5 2],[ 0.10335636  0.         -0.09549111  0.        ]
[5 5 3 3],[-0.00763214 -0.01383248 -0.1        -0.07487185]
[2 3 2 5],[0.09115355 0.         0.         0.        ]
[5 3 1 5],[-0.09998297 -0.09146352 -0.09997673  0.        ]
[3 4 5 5],[-1.00000000e-01 -9.40857150e-02  1.95621965e-07  0.00000000e+00]
[5 5 0 5],[0. 0. 0. 0.]
[4 4 5 5],[0. 0. 0. 0.]
[2 2 3 5],[0.07016238 0.         0.         0.        ]
[5 4 4 5],[0.1044905 0.        0.        0.       ]
[4 5 6 5],[0.         0.         0.         0.00939987]
[6 5 5 4],[0.         0.         0.         0.00011946]
[2 2 1 5],[-0.00022972  0.          0.          0.        ]
[4 5 4 5],[-0.09997098  0.          0.          0.        ]
[5 5 4 5],[-0.1  0.   0.   0. ]
[2 2 5 6],[0.00600424 0.         0.         0.        ]
[5 3 5 5],[0.00444827 0.         0.         0.        ]
[5 1 3 5],[-0.10775365 -0.1        -0.0952175  -0.0124858 ]
[5 4 5 1],[0. 0. 0. 0.]
[5 5 1 0],[-4.81644604e-05 -2.87862269e-05  0.00000000e+00  0.00000000e+00]
[3 5 5 4],[-1.00000000e-01 -4.67255126e-05  3.56776013e-03  0.00000000e+00]
[2 2 5 4],[0.00877503 0.         0.         0.        ]
[2 2 5 1],[0.00771662 0.         0.         0.        ]
[3 5 6 5],[-0.1         0.05101343  0.         -0.1       ]
[3 5 5 5],[-0.09       -0.00169419  0.          0.        ]
[4 5 5 5],[0. 0. 0. 0.]
[5 1 4 4],[-0.00085558 -0.09976104  0.0979966   0.        ]
[5 2 6 2],[0.00716567 0.         0.         0.        ]
[5 3 2 2],[-2.18154489e-05  8.53529518e-04 -4.56215882e-03  0.00000000e+00]
[2 0 5 2],[ 0.00384587  0.          0.         -0.00026772]
[5 5 0 1],[-0.00017946 -0.1         0.          0.00019506]
[2 5 2 4],[0. 0. 0. 0.]
[4 2 2 5],[0.00050141 0.         0.         0.        ]
[5 4 1 5],[-0.1  0.   0.   0. ]
[3 2 5 2],[-0.1  0.   0.   0. ]
[4 2 5 2],[0. 0. 0. 0.]
[1 2 5 2],[-0.1        -0.00447225  0.00774021  0.        ]
[5 2 5 2],[-0.1  0.   0.   0. ]
[1 5 5 4],[0. 0. 0. 0.]
[5 5 6 1],[0.00221062 0.         0.         0.        ]
[5 5 6 4],[0.12770248 0.         0.         0.        ]
[2 2 6 5],[0.         0.         0.         0.02871143]
[2 5 2 6],[0.00529228 0.         0.         0.        ]
[1 5 5 5],[-0.01  0.    0.    0.  ]
[5 5 5 5],[0. 0. 0. 0.]
[2 2 1 2],[0.         0.         0.         0.00122985]
[3 2 2 2],[0.00330791 0.         0.         0.        ]
[2 2 2 2],[ 0.00993628  0.          0.         -0.1       ]
[2 2 2 4],[0.0029929 0.        0.        0.       ]
[5 5 5 6],[0.01333415 0.         0.         0.        ]
[5 5 6 5],[-0.09976021  0.          0.          0.        ]
[0 2 5 2],[0. 0. 0. 0.]
[5 5 5 1],[0. 0. 0. 0.]
[5 0 5 5],[0. 0. 0. 0.]
[2 3 5 2],[-0.0074319  -0.09994183  0.          0.        ]
[5 5 2 2],[2.45295237e-06 0.00000000e+00 0.00000000e+00 0.00000000e+00]
[2 2 2 3],[-0.0945578  0.         0.         0.       ]
[5 5 4 4],[0. 0. 0. 0.]
[0 5 5 5],[0. 0. 0. 0.]
[2 3 2 2],[0.00668441 0.         0.         0.        ]
