[0 0 0 0],[14.32290762 13.39729612 14.23262973 10.80678192]
[0 3 0 0],[8.57086805 9.82481032 9.39640484 9.78787761]
[0 1 0 0],[10.75462744  6.6842546  11.11909003  8.19492304]
[0 4 0 0],[10.27292765 10.77964861 10.00167641  9.967182  ]
[0 0 0 3],[10.32693951  9.42836002 10.33073924  9.65339158]
[0 0 0 4],[12.02030902 10.25371584 11.77871555  9.86716125]
[0 0 0 1],[10.10632057 11.40210387 12.26784155  9.5974069 ]
[3 0 0 1],[4.03372326 4.93564294 7.52987774 2.66923464]
[1 0 0 1],[4.41147537 7.47996851 6.97344625 5.87737531]
[5 0 0 1],[5.90776268 6.50940651 7.1749829  4.64225081]
[5 0 0 6],[4.19648154 4.25233025 6.3335368  0.        ]
[1 0 0 6],[9.06241525 5.05415019 5.77149837 0.        ]
[1 3 0 6],[ 0.55158047 -1.44116758  1.64727831  0.        ]
[4 3 0 6],[ 2.38847212 -0.66327633  5.52147362  0.        ]
[0 3 0 6],[5.20122686 3.65402456 5.93924148 0.        ]
[0 4 0 6],[6.74140145 3.7927119  5.60053068 0.        ]
[0 1 0 6],[5.22737046 0.95090362 5.0788758  0.        ]
[3 1 0 6],[5.85792606 1.00798251 2.80462619 0.        ]
[3 4 0 6],[0.41885562 2.76870076 2.40793742 0.        ]
[4 4 0 6],[3.362094   5.53701954 5.49341151 0.        ]
[1 4 0 6],[3.27516496 0.76689714 4.87908964 0.        ]
[1 4 3 6],[0.01844836 1.02528255 0.2018778  0.        ]
[1 4 4 6],[-2.88701858 -0.20425537 -0.55969388  0.        ]
[1 4 1 6],[-0.89126616  2.7905897   4.76422827  0.        ]
[4 4 1 6],[5.00564521 1.01089206 1.18588185 0.        ]
[4 1 4 6],[1.52623573 4.04592328 1.18258739 0.        ]
[4 6 4 6],[0.98647706 0.         0.3465548  0.        ]
[5 6 4 6],[-0.17987562  0.         -0.36245333  0.        ]
[1 6 4 6],[-0.06928677  0.         -0.32559942  0.        ]
[1 6 1 6],[-0.8272111   0.         -0.02104242  0.        ]
[4 6 1 6],[2.47728613 0.         1.65342485 0.        ]
[3 6 1 6],[-3.05842195  0.          0.18160742  0.        ]
[3 6 4 6],[-3.2251262   0.          2.77886796  0.        ]
[0 6 4 6],[2.82651823 0.         2.10553166 0.        ]
[3 0 0 0],[ 7.116234   10.64977184 11.04408702  9.13967945]
[4 0 0 0],[ 9.18278678 11.98972102 11.34919075  9.01202121]
[1 0 0 0],[ 7.82731458  9.79980098 13.16927038 12.15750822]
[4 3 0 0],[4.62699814 4.26177124 8.00540255 9.06289068]
[4 4 0 0],[ 7.79225876  8.97528206  9.54522628 10.21048796]
[1 4 0 0],[3.24727965 7.1828607  9.78949936 9.63685454]
[0 5 0 0],[10.86394636  5.99176139  8.14399978 11.11676402]
[0 1 0 3],[7.71516205 2.81251348 5.66196042 1.12772806]
[0 1 0 4],[8.49429329 4.65056142 7.67462659 7.98185154]
[3 1 0 0],[3.50405635 2.14711905 5.54511463 6.25725883]
[1 1 0 0],[4.83867965 8.89580652 8.54030047 8.71659846]
[3 0 3 0],[4.70543955 5.20278814 7.39399758 6.86884789]
[1 0 3 0],[8.51320141 7.78641054 6.62732033 5.36595176]
[4 0 3 0],[5.54014513 9.50912782 4.82133508 6.508547  ]
[4 0 4 0],[ 8.76228678  8.04957938 11.81599879  9.55966668]
[1 0 3 3],[ 0.57410508  3.65125189 10.23372801 -1.1161608 ]
[1 0 3 1],[-0.42197404  3.83413979  1.5379133   0.47753471]
[1 0 1 1],[7.91438945 6.21761729 9.93272263 5.16381116]
[1 0 4 1],[5.91563711 6.76488446 8.66440523 4.03389215]
[3 0 4 1],[4.3362879  6.49092803 4.05161202 2.34648306]
[3 0 3 1],[0.60257045 4.886068   3.07864912 2.75191388]
[1 3 4 1],[-1.11061179  6.79619546 -0.41567123 -1.96282916]
[6 3 4 1],[ 0.         -0.86154455  0.6434287   0.55532481]
[6 3 1 1],[ 0.         -1.15441999 -0.21674139 -0.94076313]
[6 1 1 1],[ 0.          0.79502585 -1.43520729  1.23942796]
[6 1 4 1],[ 0.          5.54170929  1.05433103 -1.35376761]
[6 4 4 1],[ 0.         -0.26977587  1.18862843 -3.01394082]
[6 1 0 1],[0.         3.24561448 3.2150828  0.64499659]
[6 1 0 4],[0.         0.95142615 4.46057408 0.43733309]
[6 1 0 5],[0.         1.26483934 4.52169342 1.43502593]
[6 1 3 5],[ 0.         -1.78275054  0.85826175  0.25452049]
[6 1 1 5],[ 0.          1.82947729  1.7088568  -2.65020439]
[6 4 4 5],[ 0.          0.49091489  0.25382813 -1.12586994]
[6 1 4 0],[0.         1.74308551 3.14525457 3.85905777]
[6 1 1 0],[0.         0.90499066 4.37339154 5.36341107]
[6 4 1 0],[0.         3.83424856 1.32359741 4.73123219]
[6 6 1 0],[0.         0.         2.01168285 4.63708843]
[6 6 4 0],[ 0.          0.         -1.02705807  4.96126423]
[6 6 1 3],[ 0.          0.         -0.26581664 -0.11629226]
[6 6 1 1],[ 0.          0.         -2.99713605 -1.43578486]
[6 6 4 1],[ 0.          0.          1.44143973 -2.11827147]
[3 3 0 0],[3.27096062 3.99622704 6.55486921 5.71918049]
[1 3 0 0],[ 7.00055499 10.43563653  7.86249859  6.94690657]
[5 4 0 0],[8.49832485 2.74221963 6.66147286 6.01837142]
[0 1 0 1],[6.91366301 2.45150185 8.41925433 4.11931841]
[0 1 3 1],[1.38408382 1.33448996 2.261174   5.14607261]
[0 1 4 1],[4.54623449 7.21795899 3.59854608 7.18805145]
[0 4 0 4],[8.58730065 7.56351185 8.82919492 5.48996443]
[0 2 0 2],[12.1412356  11.38608943 11.20883216 12.67931294]
[0 4 0 1],[6.09561923 5.54348498 8.76630185 5.10480627]
[3 4 0 1],[-1.50640514  5.39189391  3.1434622  -1.80410562]
[4 0 0 1],[6.73069164 7.75526832 6.05891202 2.14089082]
[4 0 0 6],[ 7.19005467  7.01516842 11.04663973  0.        ]
[3 0 0 6],[2.33458597 5.76033027 6.07615265 0.        ]
[6 0 0 6],[0.         7.61930149 7.68422698 0.        ]
[6 0 3 6],[ 0.          4.81426757 -2.15497209  0.        ]
[6 0 1 6],[0.         5.3828319  1.63884257 0.        ]
[6 0 4 6],[0.         3.88748325 3.56798897 0.        ]
[6 3 4 6],[ 0.         -1.71968983  1.28372579  0.        ]
[6 4 4 6],[ 0.          1.15765729 -1.52119823  0.        ]
[6 4 1 6],[0.         1.95465051 2.06686028 0.        ]
[0 3 0 3],[5.72408537 2.50568717 8.17940179 5.40594306]
[0 1 0 5],[6.02473374 3.84217435 5.76484859 4.62175014]
[0 4 0 5],[4.04357768 5.85486867 7.72895954 4.42915665]
[0 6 0 0],[9.39545917 0.         7.75301453 8.03583164]
[0 6 3 0],[4.65908417 0.         0.97413991 5.86111787]
[0 6 3 3],[ 4.77178562  0.          0.27976239 -2.4362032 ]
[0 6 1 3],[ 3.58206232  0.         -1.89844679  1.27409615]
[0 6 1 4],[5.07359323 0.         2.26925249 0.82744947]
[0 6 4 0],[6.00531162 0.         6.15973348 9.1980699 ]
[0 6 1 0],[5.59798372 0.         6.02149905 4.18218526]
[0 6 4 3],[5.00408086 0.         0.16838192 4.51755903]
[0 6 1 1],[ 5.3013158   0.         -0.28611886  0.82870373]
[0 6 4 1],[6.34287797 0.         0.44245849 0.95357385]
[0 6 0 1],[5.71247732 0.         6.30211875 3.38355139]
[0 6 0 4],[5.17315337 0.         7.96407238 1.99089778]
[0 6 0 5],[ 7.61432059  0.          5.50985252 -2.18710916]
[3 6 0 1],[-1.77017858  0.          3.74889455  2.99999793]
[1 6 0 1],[3.59734307 0.         5.24053663 2.02495127]
[1 6 0 6],[1.97608434 0.         5.12630456 0.        ]
[5 6 0 6],[2.57750945 0.         4.92418408 0.        ]
[3 6 0 6],[-3.65550985  0.          5.09276373  0.        ]
[3 6 3 6],[-1.12300756  0.         -1.80698486  0.        ]
[1 6 3 6],[-1.83064151  0.         -1.32492556  0.        ]
[5 0 0 0],[ 8.93129584 10.38038843  9.00502007  9.82754214]
[1 0 1 0],[6.4508074  7.50288324 6.79450566 8.02786586]
[6 0 1 0],[0.         6.60536541 6.5475677  5.15979066]
[6 0 4 0],[ 0.          5.89788877  4.46399486 10.82043318]
[6 0 3 0],[0.         3.59571108 0.07771139 5.0948142 ]
[6 0 6 0],[0.         8.72716698 0.         7.71424747]
[6 0 6 3],[0.         4.70555177 0.         1.31686862]
[6 0 6 1],[ 0.          5.03535703  0.         -0.75134396]
[6 0 6 4],[ 0.          7.55974137  0.         -2.41733698]
[6 0 6 5],[0.         6.28609737 0.         2.01604847]
[6 0 6 6],[0.         4.98894834 0.         0.        ]
[6 3 6 6],[ 0.         -1.45374738  0.          0.        ]
[6 1 6 6],[0.         5.00192699 0.         0.        ]
[6 5 6 6],[0.         1.67779712 0.         0.        ]
[6 4 6 6],[0.         0.02197717 0.         0.        ]
[6 6 6 6],[0. 0. 0. 0.]
[0 3 0 4],[7.41335917 4.49678087 7.82048612 5.97497341]
[0 3 0 1],[6.82416648 4.12692621 7.43030736 3.70075569]
[0 4 0 3],[8.90054364 6.40236946 8.53926789 4.49258696]
[3 0 3 6],[-3.80057966  2.94820192  1.35597119  0.        ]
[1 0 3 6],[0.7320875  3.28633207 1.35180951 0.        ]
[1 0 4 6],[1.43303297 6.09827466 4.5520043  0.        ]
[3 0 4 6],[3.41674247 4.88090063 5.12636913 0.        ]
[1 0 1 6],[1.89151376 4.28332042 1.56534293 0.        ]
[0 0 0 6],[8.5379937  7.90619215 5.74231962 0.        ]
[3 3 0 6],[1.22127186 4.08427264 1.85739622 0.        ]
[1 1 0 6],[ 1.02059611 -2.9107216   5.15099154  0.        ]
[1 3 3 6],[-5.28330408 -2.94566714  1.67779339  0.        ]
[1 3 1 6],[ 0.91927502 -1.21572889 -0.93595021  0.        ]
[4 3 1 6],[-0.43178537 -0.17152963 -2.40861264  0.        ]
[4 0 1 6],[2.62217309 4.65988508 4.89906983 0.        ]
[4 0 4 6],[ 2.73669528  5.97037323 -0.75905274  0.        ]
[0 0 1 6],[6.65827587 6.74358896 4.46230677 0.        ]
[0 0 5 6],[ 5.81812567 10.58885545  5.41793584  0.        ]
[0 0 3 6],[4.89000853 6.88369862 1.04286575 0.        ]
[0 0 4 6],[6.31592301 4.95964812 2.20720651 0.        ]
[0 3 3 6],[ 3.54480716 -0.43537224  3.99169942  0.        ]
[0 3 1 6],[ 3.82254411 -1.92992287 -1.45273996  0.        ]
[0 1 1 6],[ 5.39742323 -0.5522853   2.05296893  0.        ]
[0 4 1 6],[6.72639136 1.65218787 1.983642   0.        ]
[0 4 3 6],[4.33717336 5.15210675 2.49344525 0.        ]
[0 1 3 6],[4.17959151 1.43565304 0.08903021 0.        ]
[0 5 1 6],[4.96619613 1.4301914  0.3239052  0.        ]
[0 5 3 6],[4.40625    0.90245431 0.35970951 0.        ]
[0 5 0 6],[4.73395287 3.59250494 5.94298895 0.        ]
[0 1 4 6],[ 4.20323692 -1.68915375  0.6186695   0.        ]
[0 0 3 0],[ 9.82300411  9.94768272  9.54082051 11.15053874]
[0 0 4 0],[11.16236071 11.85609833 10.30526688 11.69828928]
[0 3 4 0],[7.99873023 7.31653426 7.92720204 8.1873545 ]
[0 3 1 0],[8.1283091  8.57176336 7.06736807 8.13859956]
[0 4 4 0],[9.01550664 7.27665342 7.43328139 8.75019079]
[0 1 4 0],[ 9.85399573  4.64629975  6.53809738 11.44181347]
[0 4 1 0],[7.31620787 7.84692702 5.52703982 5.53964666]
[0 1 1 0],[10.53124357  8.29280224  3.84289828  8.5815016 ]
[3 1 4 0],[6.68772226 4.45931279 5.34035051 6.39477897]
[3 1 1 0],[1.94946225 7.27369718 7.2175456  4.63630059]
[1 1 1 0],[2.90901869 2.33283396 8.43349664 6.91069211]
[4 1 1 0],[5.27085068 8.10408067 6.20781028 6.40038883]
[3 4 4 0],[5.19697593 0.61090001 2.03645853 3.69192724]
[1 4 4 0],[ 5.08964563 11.90555849  7.57657739  6.15876744]
[4 4 4 0],[4.90218427 2.65097953 5.54119839 5.53235395]
[4 1 4 0],[6.57982362 5.62278609 6.36984073 5.40932045]
[0 1 6 0],[8.43767163 2.01955643 0.         5.7109493 ]
[0 1 6 3],[ 5.08224303e+00 -3.67312505e-03  0.00000000e+00  1.39198556e+00]
[0 1 6 1],[5.48516643 1.34244418 0.         3.90850529]
[0 1 6 4],[4.6385483  4.01291408 0.         1.89843111]
[0 1 6 5],[5.23795434 2.4449168  0.         0.87367051]
[0 4 6 0],[8.81982637 2.33569298 0.         6.77595022]
[3 4 6 0],[4.59600199 4.21242948 0.         4.29742795]
[3 1 6 0],[1.87328095 1.92793003 0.         5.8348478 ]
[1 1 6 0],[-0.33619349  3.47100974  0.          4.62487532]
[4 1 6 0],[2.96445054 0.55046423 0.         4.3980567 ]
[3 1 6 3],[ 2.64569579 -2.56127965  0.         -0.520411  ]
[1 1 6 3],[-0.71519513 -2.14892245  0.          4.30645648]
[1 1 6 1],[-2.76977332  4.81156283  0.          0.17843186]
[4 6 6 0],[1.56605524 0.         0.         6.50777869]
[0 6 6 0],[5.27248082 0.         0.         7.50078014]
[0 6 6 3],[ 4.22868449  0.          0.         -2.30594133]
[0 6 6 1],[ 5.01869149  0.          0.         -2.46303395]
[0 6 6 4],[ 4.870631   0.         0.        -1.1998492]
[0 6 6 5],[4.44045683 0.         0.         1.41787669]
[3 6 6 0],[2.79262686 0.         0.         2.9752018 ]
[3 6 6 3],[-1.03931319  0.          0.         -0.87975289]
[3 6 6 1],[1.43861259 0.         0.         0.15475132]
[1 6 6 1],[ 2.09332778  0.          0.         -0.15499657]
[4 6 6 4],[ 2.66151105  0.          0.         -0.52410381]
[1 6 6 0],[0.91647116 0.         0.         3.93821301]
[3 6 6 4],[-0.5827898   0.          0.          0.16287187]
[3 6 6 6],[-1.96798055  0.          0.          0.        ]
[1 6 6 6],[-1.42426828  0.          0.          0.        ]
[4 6 6 6],[-1.38216623  0.          0.          0.        ]
[0 6 6 6],[4.86396456 0.         0.         0.        ]
[5 6 6 6],[-3.01533428  0.          0.          0.        ]
[0 6 0 3],[8.84462532 0.         4.94905495 0.98301642]
[0 6 0 6],[5.25130409 0.         7.19810609 0.        ]
[4 6 0 6],[4.01826016 0.         5.22791169 0.        ]
[6 6 1 6],[ 0.         0.        -0.5171546  0.       ]
[0 0 1 0],[12.66840904 12.15569927  9.72664467 10.4685717 ]
[0 4 1 3],[ 3.64542317  1.61528825 -0.08139366  3.5330975 ]
[0 5 1 3],[5.21327751 3.23248303 0.3861819  0.53177635]
[0 0 1 3],[5.91296389 6.25453549 2.16265504 4.72440704]
[0 0 4 3],[7.25303749 6.82312643 7.49982232 4.30674843]
[0 0 4 1],[10.08937376  8.21440992  5.89152602  4.12560409]
[0 0 3 1],[7.66648679 6.90328318 7.19957472 6.92608414]
[0 0 3 4],[9.14821613 8.67858069 4.83966558 5.23035807]
[0 1 3 0],[7.13283713 7.38574134 7.12519638 6.65819549]
[0 4 3 0],[7.44095989 4.33785297 7.33238836 6.97105613]
[3 6 4 0],[-0.53802332  0.          3.36256372  4.49714008]
[4 6 4 0],[1.92384357 0.         3.42013762 4.80046225]
[1 6 4 0],[0.96059746 0.         1.1233477  7.21482467]
[1 6 1 0],[1.31756946 0.         2.25944602 4.96039587]
[1 6 4 3],[1.10096984 0.         2.51560623 3.82548194]
[1 6 1 3],[-0.31378009  0.         -0.35194185 -0.89029357]
[1 6 4 1],[0.820898   0.         3.30882409 0.57609206]
[1 6 4 4],[ 0.33451001  0.         -2.3019597  -0.37857807]
[1 6 0 4],[4.23205153 0.         7.16109524 2.84514378]
[4 6 0 1],[-0.59815091  0.          4.49659672  0.11352319]
[3 6 0 0],[1.98696873 0.         8.35208143 7.60017636]
[1 6 0 0],[4.78063105 0.         6.4342365  4.2661192 ]
[5 6 0 0],[3.20437451 0.         5.18585951 6.62268308]
[1 6 0 3],[0.18965139 0.         4.56959494 0.02900039]
[4 6 0 3],[-0.63878509  0.          8.69952524  1.22210561]
[3 6 0 3],[-2.48546803  0.          3.69962167  0.40542787]
[3 6 3 3],[-0.88104354  0.         -4.62416512 -1.22414849]
[4 6 3 3],[ 2.51319904  0.         -1.88595637  3.27180865]
[4 6 3 1],[-0.18811202  0.         -5.03036315 -0.46054769]
[4 6 1 1],[-0.45978719  0.          2.40792679 -1.11392243]
[1 6 1 1],[-0.05359408  0.         -0.17341008  4.69009827]
[1 6 1 4],[-0.62184595  0.          0.07187826  0.33592015]
[4 6 1 4],[1.43398707 0.         0.61826642 5.70356516]
[6 6 1 4],[ 0.          0.         -0.57296623 -0.01742082]
[0 0 5 0],[10.67690599 10.57570262  7.28157458  9.8725968 ]
[3 0 4 0],[2.57678305 9.09575202 8.65349073 8.36109036]
[1 0 4 0],[7.3671283  7.97619094 8.2562555  8.97693699]
[4 0 4 3],[ 5.04159786  5.12310118  5.14574779 -0.04838625]
[1 0 4 3],[1.79363056 3.31526357 4.9636998  5.9108183 ]
[1 0 1 3],[10.23196868  7.19456125 10.15328328 -1.35157129]
[5 0 1 3],[0.46342099 1.3046875  0.40266993 1.94068837]
[5 0 3 3],[-1.21600154  2.5        -2.4513838   0.06926555]
[5 0 4 3],[3.55221639 3.75       0.66939967 0.82887195]
[5 0 4 4],[1.14967421 4.62503978 4.19261506 5.82007532]
[3 0 0 4],[7.0629918  8.07026727 8.1414478  4.73403461]
[3 3 0 4],[3.59912346 3.32876131 4.22436884 0.62878433]
[3 3 0 1],[-0.17310624 -2.64832054  1.51997788  1.54951849]
[3 1 0 1],[2.39376317 2.6035597  6.85893817 0.28749064]
[3 1 0 4],[3.31192435 1.29358088 4.9892812  3.97814996]
[1 1 0 4],[6.42341153 4.33309465 6.56487446 3.46394144]
[3 4 0 4],[2.81172242 4.08315544 5.45761407 2.04072415]
[1 4 0 4],[7.19812353 4.36231466 6.23794877 1.80079623]
[4 4 0 4],[4.02228611 3.94077562 5.08790503 4.06293631]
[5 4 0 4],[ 4.67676368 -0.6559508   6.02597697  6.65914207]
[5 4 0 1],[3.78952175 3.77610489 6.125      0.84673791]
[5 1 0 4],[7.83553789 7.3768587  4.70040041 3.31210952]
[5 4 0 3],[3.37830065 0.46850515 2.5        1.24574298]
[5 3 0 3],[ 2.20692167 -4.19861112  0.         -0.87574853]
[5 3 0 1],[2.68593665 1.2150453  4.93481513 1.14727803]
[5 3 0 4],[1.28611714 1.75692832 1.5433997  1.74428879]
[4 3 0 4],[5.20467529 3.65921889 7.11739118 5.46590783]
[0 3 3 1],[ 0.9800358   0.71374413  1.78025958 -0.51593095]
[4 0 1 0],[10.85190978  8.36856247  7.38617345 10.24533516]
[3 0 1 0],[7.00254377 9.63653202 8.45052657 6.77887098]
[3 0 4 3],[ 0.2423325   4.22288798  3.63694968 -1.70066712]
[3 0 1 3],[ 5.75442642  6.15965626  3.46893933 -1.31106253]
[4 0 1 3],[ 2.72104328  7.8376858   4.6530015  -0.08042693]
[0 0 1 4],[10.95242429 10.48025085  8.42886766  6.42430739]
[0 0 6 0],[6.23240484 7.74281109 0.         5.25483843]
[3 0 6 0],[1.02041435 6.99599439 0.         6.3619658 ]
[1 0 6 0],[3.35578206 5.08430669 0.         8.40108609]
[5 0 6 0],[4.68039778 5.14364755 0.         6.26211223]
[4 0 6 0],[8.27432493 7.59852693 0.         6.26214213]
[4 0 6 3],[ 4.4011423   5.1700576   0.         -1.01575459]
[1 0 6 3],[ 3.85736544  4.51252645  0.         -2.00327893]
[4 0 6 1],[6.49447083 7.64993863 0.         4.11654256]
[1 0 6 1],[-3.22103401  7.29554536  0.          4.65173335]
[6 3 6 1],[ 0.          0.50442424  0.         -0.70229841]
[6 4 6 1],[ 0.          3.06587185  0.         -3.82645967]
[6 1 6 4],[0.         0.30845378 0.         0.33958354]
[6 3 6 4],[ 0.         -0.84890391  0.         -0.63766416]
[6 1 6 1],[ 0.         -3.99518565  0.         -2.3583259 ]
[0 0 1 1],[ 8.4193236   6.20972702 11.71554948  6.2192356 ]
[0 0 5 1],[5.73230715 6.45964228 6.84874627 2.10611952]
[0 0 5 4],[6.36843847 6.22344999 7.83551086 8.62798871]
[0 0 2 2],[11.7316671  11.51916096 12.98090177 14.5930587 ]
[0 0 4 4],[7.57902674 9.72182558 6.23264157 3.37531965]
[3 0 4 4],[0.83938439 5.37875209 2.72935225 5.64456192]
[3 0 1 4],[4.54370865 7.32188434 4.80970209 4.45720086]
[1 0 1 4],[0.78209476 5.4740588  3.50830371 3.53253845]
[4 0 1 4],[4.06337608 7.49296562 5.03535579 9.30152862]
[0 0 6 4],[7.09322283 5.92866145 0.         4.15051008]
[0 0 6 6],[3.93299145 7.77190715 0.         0.        ]
[0 3 6 6],[5.43195797 2.49658644 0.         0.        ]
[0 1 6 6],[5.18138048 2.34832483 0.         0.        ]
[0 4 6 6],[6.10133381 3.01036243 0.         0.        ]
[3 4 6 6],[-2.5698901  -1.14656575  0.          0.        ]
[3 1 6 6],[-3.08646432  3.80189084  0.          0.        ]
[1 4 6 6],[-1.25146974 -0.08636942  0.          0.        ]
[1 1 6 6],[-0.22637717 -0.16388692  0.          0.        ]
[4 1 0 0],[7.87734838 6.68960218 8.19802957 6.09839527]
[0 3 3 0],[6.35611567 4.40500978 3.86527666 5.54280601]
[0 3 3 3],[ 4.28993975  1.62414021  4.61344629 -0.52025501]
[0 3 3 4],[4.24385954 0.71703159 1.53218788 1.92891448]
[0 4 3 4],[ 4.48692695  5.37329744 -1.27914656  4.10940853]
[0 4 3 1],[3.11654036 2.51829563 7.15482965 4.82391347]
[0 4 1 4],[4.97103459 5.40846285 3.56402972 2.85626014]
[0 2 2 4],[11.26301424  8.74176407 10.01281211  5.43919108]
[0 4 4 4],[5.99218838 5.23063255 7.00748318 5.38616836]
[1 3 6 1],[-2.1595907   0.08603073  0.         -3.62865853]
[4 3 6 1],[ 0.76374183  1.41344459  0.         -2.4333077 ]
[1 4 6 1],[ 0.74690846 -0.34567618  0.         -1.97529094]
[1 4 6 4],[-1.19082465  5.51950242  0.          2.66131721]
[1 3 6 4],[-2.05181097  0.03594509  0.         -0.52434542]
[1 1 6 4],[-0.42163871 -1.14957689  0.         -0.92999351]
[1 4 6 0],[1.61156493 1.62689591 0.         5.61549259]
[6 1 6 0],[0.         0.11759552 0.         4.99744755]
[0 0 0 5],[11.05745365  9.53947122  8.81809657  8.76378123]
[4 1 0 6],[3.30629927 0.43180129 2.96193109 0.        ]
[1 1 3 6],[ 0.06912138 -2.37301402 -0.91037473  0.        ]
[4 1 3 6],[-1.05039728 -3.29382176 -1.17827707  0.        ]
[4 1 1 6],[-0.30362179  0.3947014   1.46808567  0.        ]
[1 5 0 6],[0.43863253 0.34719401 3.19118425 0.        ]
[4 5 0 6],[ 2.26994914 -1.3143697   3.7169968   0.        ]
[2 2 3 6],[3.1688772  5.54635477 0.24785607 0.        ]
[1 1 1 6],[0.40711842 0.7557375  0.22430877 0.        ]
[0 3 6 0],[5.67204043 1.19057123 0.         4.77338325]
[0 0 6 3],[ 7.64400647  6.6026446   0.         -2.50967809]
[0 0 6 1],[7.12029154 7.63665827 0.         2.09419294]
[3 0 6 4],[1.39928851 4.87977338 0.         2.38089039]
[4 0 6 4],[0.4147864  5.49908564 0.         2.64613054]
[1 0 6 4],[6.91290485 4.72470138 0.         7.9138486 ]
[4 3 6 4],[0.67247583 0.89914343 0.         1.73495469]
[4 1 6 4],[-1.40285645 -0.63377693  0.          1.49215701]
[4 4 6 4],[2.31440035 0.58748259 0.         1.2604107 ]
[3 4 6 1],[ 0.72344795  2.47848899  0.         -0.73680886]
[3 1 6 1],[ 1.37132845 -3.78752395  0.          1.25916352]
[4 1 6 1],[2.88293655 0.39688246 0.         4.97208318]
[6 1 6 3],[0.         1.01770877 0.         0.3836017 ]
[6 4 6 4],[ 0.          2.90989036  0.         -0.93129892]
[6 3 6 3],[ 0.         -1.57858535  0.         -0.72244125]
[6 4 6 0],[0.         2.81997532 0.         4.66272339]
[6 4 6 3],[ 0.         -0.01672625  0.          2.03370429]
[6 6 6 3],[0.         0.         0.         1.12796861]
[6 6 6 1],[0.         0.         0.         5.06421289]
[6 6 6 4],[0.         0.         0.         2.81413961]
[0 3 6 3],[ 4.42908975  0.48944269  0.         -1.34067899]
[0 4 6 3],[ 5.16249113  1.49317053  0.         -1.09089712]
[3 4 6 3],[-0.64978321 -0.81053408  0.         -1.36206909]
[4 1 6 3],[-0.96573258  0.18308268  0.          1.09180896]
[2 2 6 4],[5.60709265 5.65321046 0.         2.05894924]
[2 2 6 0],[7.88931456 7.91351249 0.         7.7904284 ]
[4 3 6 3],[ 2.59325075  0.30311653  0.         -3.23982928]
[0 4 6 4],[5.80825    0.94877661 0.         2.42695283]
[0 4 6 1],[8.71998631 3.41833297 0.         2.09695606]
[3 0 6 1],[-1.98595018  3.67517663  0.          3.7218029 ]
[3 0 6 6],[1.92709281 4.74143001 0.         0.        ]
[1 0 6 6],[2.52695181 4.71967549 0.         0.        ]
[1 3 6 6],[-1.73552691 -1.24693206  0.          0.        ]
[4 3 6 6],[-0.37020541 -2.59413031  0.          0.        ]
[4 1 6 6],[-1.57751993  1.27153197  0.          0.        ]
[4 4 6 6],[1.03045922 2.50375534 0.         0.        ]
[4 4 6 3],[-0.07685978 -0.61059725  0.         -2.64158145]
[0 2 6 2],[8.11964549 6.66494601 0.         5.37803084]
[4 0 6 6],[0.24016844 4.60387374 0.         0.        ]
[3 0 0 3],[6.64878049 5.14812805 5.46112369 3.92742258]
[1 0 3 4],[3.05291176 5.08420624 0.07733105 1.31959512]
[0 3 4 4],[4.10249276 9.04087189 5.84885524 8.13990728]
[0 1 3 4],[6.25619197 5.51441648 4.56957636 3.98377934]
[0 1 1 4],[7.06100757 7.03680189 6.61768288 5.31375127]
[0 1 1 1],[6.82650456 0.30289643 3.40695598 6.53613442]
[0 4 1 1],[7.06978036 0.64314824 8.71365937 8.06626276]
[0 3 6 1],[5.32747527 2.0303283  0.         3.21854666]
[0 5 6 1],[ 1.94641719  1.8946697   0.         -1.14919351]
[1 0 4 4],[4.35101423 6.8147955  6.03120363 4.16080704]
[4 0 4 4],[4.39847382 4.69957607 3.94902165 7.69739741]
[4 0 3 1],[ 0.7890706   4.82440422  7.21203598 -0.03841419]
[4 0 4 1],[2.80244976 5.08090874 1.47601508 3.63560898]
[4 0 0 4],[ 7.21631678 10.56440318  9.93895854  6.36846998]
[1 0 0 4],[ 8.14151731  8.46859903  6.15132126 11.8835352 ]
[2 0 2 1],[10.50239785  9.13670406  8.80251222  5.79863422]
[4 3 4 1],[-1.21738454  0.81910754  0.66810084 -1.05800035]
[0 3 4 1],[ 2.92980935 -0.0821952   3.8694245   2.71334777]
[0 4 4 1],[7.71434544 6.78205693 9.73601868 7.54829184]
[3 4 3 6],[ 0.80060849  0.26329342 -0.56907217  0.        ]
[4 4 3 6],[0.7104089  0.97385493 0.238066   0.        ]
[3 4 1 6],[-2.93629266  1.64753592 -2.76740834  0.        ]
[3 1 4 6],[-2.95557213 -1.16532865 -1.77934443  0.        ]
[1 1 4 6],[-0.73042132  3.721667    1.80081585  0.        ]
[0 0 3 3],[7.28535814 5.12988905 2.87266476 9.10664932]
[3 0 1 1],[3.78082117 7.17842992 4.06764332 3.20936248]
[1 0 5 4],[3.87146482 4.95937932 2.23754215 1.82248348]
[0 5 6 0],[5.55894838 3.5172091  0.         4.79023383]
[0 5 6 3],[ 2.5        -2.19431328  0.         -1.59944155]
[0 5 6 4],[7.74504412 1.52957644 0.         2.21088893]
[1 3 6 0],[-0.14435367 -3.8160163   0.          3.72272977]
[4 4 6 0],[1.06695269 4.72402263 0.         5.34936934]
[0 0 4 5],[7.08787408 6.9873941  6.59993007 7.20514103]
[3 0 1 6],[-0.80426571  4.24218224  3.38022123  0.        ]
[0 1 4 3],[7.43977497 3.35881011 1.00103293 8.55681418]
[0 1 1 3],[1.94942396 4.24030113 0.43711168 8.07290353]
[3 1 1 3],[-1.72070553 -1.73401439 -1.78991587 -4.47902803]
[3 1 1 1],[-2.65597364  3.04947943 -0.70026448  0.64923454]
[3 4 4 1],[-1.78173049 -1.81331898  2.50924876  1.28195836]
[2 4 4 2],[7.84227082 4.17895705 5.11052015 7.54372889]
[1 4 4 1],[-2.17134495  4.60773935  0.5039461   3.53566133]
[4 4 4 1],[2.72763465 3.27459463 3.39129894 3.2150784 ]
[3 1 4 1],[ 6.56215928  2.90448227  0.16779223 -1.15908468]
[3 3 4 1],[0.74138293 3.83898222 1.89732901 3.64209559]
[3 3 1 1],[ 4.02441882 -0.15101376  0.3553057   1.57572091]
[3 6 1 1],[-0.12089834  0.          0.02936806 -0.54718529]
[3 6 1 4],[1.23524531 0.         0.31393595 0.03917769]
[3 6 1 0],[-1.48119827  0.          1.37124089  2.98962501]
[1 6 6 4],[-0.0880558   0.          0.         -0.35769516]
[1 6 6 3],[ 0.67676886  0.          0.         -3.71773148]
[6 6 6 0],[0.         0.         0.         5.22937402]
[1 0 0 3],[5.49598125 7.71835261 9.16232538 5.12067353]
[4 0 0 3],[6.21214893 8.93143067 6.83759636 6.7563358 ]
[4 3 0 1],[8.1253948  0.50733402 3.9008211  0.95873613]
[3 5 0 1],[-0.56287272  1.92093507  4.375       1.82937225]
[3 5 0 4],[ 1.3700026   2.38328127  2.61953125 -1.8950754 ]
[4 1 0 1],[7.26195695 0.74020189 2.42429367 8.90746156]
[4 4 0 1],[4.10925808 4.31408956 6.58594077 3.45942716]
[1 4 0 1],[4.13898493 4.11557503 6.79023575 4.09425291]
[1 1 0 1],[1.41753581 5.26958003 6.06002881 4.21744536]
[6 6 0 6],[0.         0.         4.20930682 0.        ]
[6 6 3 6],[ 0.          0.         -1.57625724  0.        ]
[6 6 4 6],[ 0.         0.        -3.3259831  0.       ]
[6 6 5 6],[ 0.          0.         -0.45154413  0.        ]
[0 1 3 3],[2.36991297 1.59259211 1.54751457 0.93362316]
[3 1 3 1],[ 1.65106577  4.50896188 -1.07669157 -0.70050777]
[3 4 3 1],[-1.2574839  -1.67941744 -4.76862186 -1.27363335]
[3 4 3 4],[-4.29788987  0.40988884  6.6161294   0.24244008]
[3 1 3 4],[ 0.69274758  2.79882712  3.11004247 -0.68946811]
[3 1 3 5],[-3.5341515  -1.10637447 -1.75241132 -2.40195188]
[3 1 1 5],[-1.47320622 -4.19167432  2.04435461  1.63408506]
[3 1 1 4],[-0.33797701  2.02688671  0.32269967  1.30851432]
[3 4 1 4],[7.40495788 1.50150677 3.49406832 1.12917994]
[1 1 1 4],[3.98775419 1.27435387 0.29506438 2.55136596]
[1 1 4 0],[4.58434851 2.38181335 3.07933163 7.47661093]
[3 4 1 0],[0.18257552 1.93773976 4.1749955  5.17078403]
[1 4 1 0],[ 8.65651041  4.60551413 10.12674366  7.24671316]
[4 4 1 0],[6.53369958 5.46924608 2.3125096  6.08471295]
[0 1 5 0],[6.52833927 4.88129923 4.61645499 5.70458424]
[0 6 5 0],[6.09911081 0.         7.04410237 5.03402988]
[4 6 6 3],[0.76861531 0.         0.         0.17401363]
[4 6 6 5],[-1.13810919  0.          0.         -1.01391317]
[4 6 6 1],[-0.63209417  0.          0.         -2.68458744]
[2 0 2 0],[11.56589294 10.61727401 11.83309189 13.03850253]
[4 3 6 0],[ 0.92755344 -0.50906978  0.          5.27198958]
[1 4 6 3],[2.10862062 1.08989142 0.         0.40293328]
[1 0 6 5],[3.47248478 4.56830401 0.         0.85110224]
[0 3 1 4],[4.23093206 5.9701435  3.52059438 0.55865139]
[1 1 1 3],[0.48626766 5.22296267 2.75887743 3.8988455 ]
[1 4 1 4],[1.65166918 1.44731892 2.62885375 4.2703554 ]
[1 3 1 0],[3.33465656 2.71156979 6.29477276 8.34077198]
[4 3 1 0],[3.74903992 4.91601018 3.66045969 7.25878144]
[0 6 3 1],[ 3.79922973  0.         -3.25925161 -1.51076751]
[0 6 4 4],[ 6.60181951  0.          1.40343281 -0.50858023]
[0 6 5 4],[5.86412732 0.         7.13598994 4.22204518]
[4 6 1 3],[-0.21647931  0.         -1.81305192 -1.74944019]
[3 6 4 3],[-5.18332942  0.         -0.70278509  1.10729431]
[3 6 4 1],[-1.97690754  0.          1.16035283  1.69518697]
[2 6 4 2],[4.09982849 0.         6.45379932 6.44629174]
[1 6 0 5],[ 2.62721606  0.          5.69341771 -0.92872995]
[5 6 0 3],[-3.79193051  0.          2.61431938  0.70583613]
[5 6 0 1],[4.5629485  0.         2.66161054 0.87149765]
[0 6 1 6],[ 4.57775652  0.         -0.2291214   0.        ]
[1 3 0 3],[1.79085424 2.11897894 4.44219683 2.99289813]
[4 3 0 3],[4.30444782 2.07788433 2.17156065 1.36436249]
[3 6 1 3],[-0.84381314  0.         -1.91028864 -0.5070758 ]
[3 4 0 0],[4.26058957 6.14576924 6.79578674 9.51431237]
[0 3 1 1],[4.59814833 5.09531805 3.41808347 4.39552117]
[0 2 4 2],[ 6.60605653 10.13375282  8.58397269 10.20374499]
[0 1 4 4],[6.35589221 5.89556481 5.19295334 6.6962757 ]
[0 6 3 4],[4.39191783 0.         6.5533006  3.3080174 ]
[4 6 4 3],[ 1.16469059  0.          2.57152385 -2.58404803]
[3 6 4 4],[-0.63933424  0.         -0.7349996   3.32332353]
[5 6 6 3],[-0.17499486  0.          0.         -0.92530072]
[1 6 6 5],[-1.3823103   0.          0.          3.56336441]
[3 6 3 1],[ 0.44501198  0.         -2.23380365 -3.56336359]
[4 6 4 1],[ 2.8511059   0.          0.22946652 -2.05861122]
[0 6 5 1],[ 5.97915355  0.          0.03273228 -0.8703037 ]
[5 6 6 1],[ 0.00233714  0.          0.         -1.21465354]
[3 5 1 6],[ 1.76667042  3.37812197 -3.82380625  0.        ]
[1 5 1 6],[-0.26120717 -0.06644806 -0.18506506  0.        ]
[2 5 2 6],[3.12791101 1.35942687 3.87151523 0.        ]
[4 5 1 6],[ 0.30910439 -2.66408366 -2.80350758  0.        ]
[4 5 3 6],[ 0.12704998 -3.89752063 -1.59107418  0.        ]
[1 5 3 6],[-4.65700712 -2.11619664 -0.50285629  0.        ]
[4 4 4 6],[0.6464402  1.47419876 3.5332847  0.        ]
[6 1 0 6],[ 0.         -1.5933076   4.16115855  0.        ]
[3 0 0 5],[3.18498168 3.75       5.78137687 6.14403499]
[6 0 0 4],[0.         6.87023181 7.76155218 4.96260005]
[6 0 3 4],[0.         3.08664148 2.27774367 3.82114796]
[6 0 1 4],[ 0.          4.93687264 -0.12500419  0.73625268]
[6 0 5 0],[0.         3.85742473 2.25692719 4.49329738]
[6 0 0 0],[0.         6.29866774 9.03864563 7.58077534]
[6 0 0 3],[ 0.          4.53979443  5.02440988 -2.41660735]
[6 0 0 1],[0.         5.69759552 6.74799359 1.91381915]
[6 0 3 1],[ 0.          6.23114308 -0.75426096  1.75472157]
[6 0 1 1],[0.         4.1283374  0.45905763 1.4260287 ]
[6 0 4 1],[0.         4.39958496 2.28399323 2.67791262]
[6 0 4 3],[0.         5.31788721 4.08918556 1.02300686]
[6 0 1 3],[ 0.          3.68100206  3.0373761  -1.11603455]
[6 3 1 3],[ 0.         -1.47273351 -0.61830791 -2.98920013]
[6 1 1 3],[ 0.         -1.0138251  -0.96336723  0.95267971]
[6 1 3 3],[ 0.         -1.75685085 -3.04637471 -1.59824917]
[6 4 3 3],[ 0.         -1.71351975 -4.17990218 -2.33793748]
[6 4 0 3],[0.         0.79100597 5.45989091 1.06348741]
[6 4 0 4],[0.         3.35431818 5.07715001 3.74038948]
[6 4 0 1],[0.         2.93909457 6.21666313 8.42796463]
[6 1 3 1],[ 0.         -3.84258055  0.64549353 -1.45877238]
[6 4 3 1],[ 0.         -1.98311916 -0.69524452  0.6073846 ]
[6 4 1 1],[0.         0.51530805 0.93915618 0.03069138]
[6 0 0 5],[0.         7.66801123 4.72443288 6.65396005]
[6 0 3 3],[ 0.          1.26898943 -0.72124383 -0.94631801]
[6 3 4 3],[ 0.         -0.84988694 -1.49389057 -3.20912484]
[6 3 0 3],[ 0.          2.59014665  4.84199003 -1.65617929]
[6 1 0 3],[ 0.         -2.8525859   2.61434775  2.69339359]
[6 2 0 2],[ 0.          6.94382574 10.17335052  8.11569531]
[6 4 3 4],[ 0.          2.88162974 -2.26326942  1.9583107 ]
[6 1 3 4],[0.         0.02401851 0.71697519 0.62547676]
[6 1 4 4],[ 0.         -2.40805345  2.77409147 -0.3235104 ]
[6 4 4 4],[ 0.         -1.65174687 -0.01033417 -0.08894582]
[6 1 1 4],[ 0.         -0.0395252   3.91043022 -0.27273526]
[6 4 1 3],[ 0.         -0.84526008 -1.88532631 -1.86051572]
[6 4 4 3],[ 0.         -1.93688914 -2.21987035 -4.2523099 ]
[6 1 4 3],[ 0.          0.10573123 -0.30724929 -2.47936739]
[6 4 4 0],[ 0.         -0.96913853  7.80432844  6.06090063]
[6 4 3 0],[0.         1.04274507 1.67731564 4.8258064 ]
[1 3 0 1],[3.17970162 4.46678625 3.29640882 1.94654751]
[4 3 3 1],[ 0.42708114 -2.4884565   0.05274794 -0.69527031]
[1 3 3 1],[-0.75516997 -0.60281449  2.30246504  2.08682521]
[4 3 1 1],[3.4203598  0.9841268  0.44798366 0.18482308]
[4 3 1 4],[0.87395625 0.91173543 1.14295987 0.17464121]
[1 3 1 1],[2.49659026 1.4913674  1.5410379  2.08711379]
[1 2 2 1],[2.18861775 6.1381547  7.9499103  2.25634898]
[1 2 2 4],[4.50016141 8.59806472 6.71601087 5.17393075]
[1 4 4 4],[1.93207851 5.03703877 3.62395084 3.18477639]
[1 5 4 0],[1.73229214 3.03813912 6.62815607 4.46833985]
[1 5 1 0],[7.23339923 2.78005807 4.74067442 6.64308415]
[1 2 2 0],[ 8.89596187  9.74118634 11.17772788  7.65727518]
[6 1 0 0],[0.         6.20328411 5.51541544 5.97926185]
[6 1 3 0],[ 0.          0.81534927 -1.29692265  4.04657538]
[1 3 1 3],[3.37093924 2.10781035 4.57736552 2.29558828]
[1 4 1 3],[-0.14618469  1.12914495 -1.59828785  0.84162449]
[4 4 1 3],[ 0.87002581 -1.13468401 -1.56993472  0.02968034]
[4 4 1 1],[1.42985987 3.72256091 0.01347809 0.3209339 ]
[4 4 6 1],[-1.15638017  0.96283817  0.          5.07630805]
[1 5 6 0],[-0.07758027  2.58030186  0.          5.26615061]
[1 5 6 3],[ 1.45012825 -2.52364104  0.         -3.45972215]
[1 5 6 1],[-0.33936307 -0.01767581  0.         -0.48379303]
[4 5 6 1],[-0.17426523  2.09573728  0.          0.52450689]
[4 5 6 4],[-1.40828588  2.40622337  0.          2.32142964]
[1 5 6 4],[ 0.40529595 -0.2444373   0.         -0.9289144 ]
[3 4 6 4],[0.08725504 0.13517034 0.         0.0391258 ]
[3 0 6 3],[0.93882332 4.21650333 0.         0.87866132]
[5 0 3 0],[5.25899142 5.50880314 4.98246563 4.1274517 ]
[0 4 4 3],[5.38582802 6.22568131 4.87277248 8.84303065]
[0 4 5 3],[3.559375   2.12372741 2.07156954 2.45686481]
[3 4 5 3],[-1.50100056 -1.125      -4.29497308  1.22880541]
[3 4 4 3],[-2.37631864  0.28506812  0.58163401 -2.10904251]
[3 2 4 2],[3.50458044 7.34996764 2.80187146 6.89562077]
[3 4 1 1],[ 1.12476163 -0.94783238 -0.33034593  1.12929769]
[3 0 2 2],[4.83803316 9.04921303 7.96534934 9.96649808]
[4 1 0 4],[6.97822546 7.35398912 4.38754167 3.93904315]
[0 6 3 6],[4.55148002 0.         0.63410366 0.        ]
[4 1 1 3],[ 1.15116487 -0.68949658  0.57637274 -3.80264796]
[6 3 4 0],[0.         2.53024382 1.50385115 4.91716227]
[6 3 1 0],[ 0.          1.94477753 -1.42924965  3.79797945]
[6 5 4 0],[0.         3.84901339 1.04570788 0.        ]
[6 3 6 0],[ 0.         -1.78360888  0.          5.18205956]
[6 6 6 5],[ 0.          0.          0.         -0.79870757]
[0 0 5 3],[5.42621489 5.63726204 3.63968305 3.30835271]
[1 3 0 4],[4.28228629 6.12716172 5.84270843 5.95552271]
[6 1 3 6],[ 0.         -3.08537515 -4.58906929  0.        ]
[6 1 1 6],[ 0.         -0.32494001 -0.0750665   0.        ]
[6 1 4 6],[ 0.          0.16980477 -1.22670028  0.        ]
[1 1 0 3],[4.57175271 5.08330609 3.87609379 2.09382377]
[1 5 0 3],[ 0.19618308  0.94741458  5.38380967 -1.57706856]
[1 4 0 3],[4.44908204 4.16073407 5.13030675 5.39507155]
[6 3 0 0],[ 0.         -2.3807384   4.38229085  5.74656463]
[6 4 0 0],[0.         0.60014557 6.46848955 7.79723682]
[2 3 0 2],[9.17899049 6.99373358 4.33144571 7.93940094]
[2 2 0 2],[7.41622356 8.50322205 0.         5.98755944]
[1 2 0 2],[ 8.05164892 10.4730622   9.77100828 10.21491526]
[4 2 0 2],[8.14528301 9.86446475 8.12696723 8.38226455]
[4 5 0 4],[2.32045806 1.49193388 4.34746258 3.73132635]
[1 5 0 1],[6.91650459 1.75222093 4.05769508 2.43807565]
[1 1 3 0],[3.0308812  3.60561159 2.73013642 3.37316071]
[4 5 0 0],[ 5.12435624  5.48639931 10.97244745  5.63358994]
[1 5 0 0],[1.65936431 6.19483668 6.09725582 5.82813707]
[1 5 3 0],[3.69702879 5.44758864 4.74796823 5.43847207]
[2 2 3 0],[9.58562738 9.38851706 8.26682308 3.71315261]
[4 4 3 0],[6.03784575 3.4783462  7.01092589 5.57018253]
[2 2 4 0],[11.53984565 12.96264583  8.23414193  9.62561877]
[2 2 1 0],[10.05195682  8.78351818  9.57997392  8.40460095]
[5 0 6 1],[-1.74610835  4.91215643  0.          3.60468287]
[5 0 6 4],[5.019236   3.18410588 0.         3.12004848]
[3 1 6 4],[ 7.14401796 -0.3018853   0.          3.34119474]
[0 5 6 6],[4.00215041 2.43206456 0.         0.        ]
[2 2 0 0],[12.47965778 11.49968978 12.86399238 11.93977303]
[4 1 3 0],[2.82817918 3.14228634 8.1427929  4.23165487]
[0 4 3 3],[5.10352589 2.16815378 1.40521513 3.63689985]
[0 1 2 2],[ 9.1129381   8.42105541  8.60732068 11.42913818]
[0 4 2 2],[ 6.99169442  7.70637184 10.6219026  11.60219005]
[3 4 1 3],[ 0.98834658 -0.80765259  1.97656156  2.71575675]
[1 3 1 4],[ 0.60146252 -1.73311865 -1.98861457  1.02206792]
[2 3 1 2],[6.08124585 6.33523083 0.78862332 4.96389828]
[2 1 1 2],[7.33671538 2.12373267 4.81791226 8.3770663 ]
[2 1 4 2],[8.4204982  4.7784218  6.21707979 5.63011072]
[1 1 1 1],[ 5.59034347  3.43948208  4.18923053 -0.5195676 ]
[5 1 1 1],[ 6.3242237   2.95582642 -0.83103911 -2.15143606]
[5 1 1 4],[ 1.36762568 -2.24770169 -1.69202168 -1.24711548]
[4 6 1 0],[1.75236879 0.         0.77098502 4.77726321]
[0 6 1 5],[ 3.06316658  0.         -2.28856718  3.63386934]
[0 5 3 0],[4.98633039 6.58863278 3.94317157 2.5       ]
[0 5 1 0],[8.68699192 3.76773563 4.02508714 9.67573595]
[3 1 3 0],[1.83254197 2.42222519 3.27549515 2.44350263]
[1 4 3 0],[3.18228033 2.64543818 4.01782189 8.19872474]
[4 1 5 0],[1.61430259 2.99483306 7.1219548  0.        ]
[4 1 4 3],[-1.18209478  1.50663898  2.42698226 -0.66108754]
[4 1 5 3],[-0.96764521 -0.29742188  0.70678955  1.82170517]
[4 1 5 1],[ 1.97101778  2.16541392  1.25012899 -1.76866599]
[3 1 5 1],[-0.377816   -3.4918165  -0.28599218  1.16970885]
[4 1 4 1],[ 2.09894264  0.06829661  8.47426068 -3.21898494]
[3 0 5 0],[3.32914943 8.158887   4.76918867 6.82371034]
[5 0 4 0],[5.71945655 9.44272303 8.7372805  7.904879  ]
[3 1 3 6],[-2.42557819 -0.69211696 -2.83474692  0.        ]
[0 3 4 6],[3.62425471 1.02468453 0.28892896 0.        ]
[1 1 3 1],[ 0.15944417  1.16418559  2.63211512 -1.08102009]
[0 1 5 6],[ 3.36663396  3.7700094  -1.88381353  0.        ]
[3 1 1 6],[-4.16408191 -3.72308458 -1.77916357  0.        ]
[1 3 3 0],[3.01750438 1.71286261 2.37903987 2.51431776]
[4 3 3 0],[7.04833999 1.45409753 5.28188091 3.16338401]
[4 3 4 0],[4.11614014 2.5825373  1.70169023 5.4765061 ]
[1 1 4 3],[ 2.58306646  2.23572332  2.81771802 -0.88318233]
[6 6 3 0],[ 0.          0.         -3.08471973  4.99948741]
[6 3 0 6],[0.         3.36318275 4.6253286  0.        ]
[6 4 0 6],[ 0.         -0.68947013  4.99085026  0.        ]
[6 4 3 6],[ 0.         -0.23202731 -2.6023421   0.        ]
[4 4 0 3],[7.25819186 4.23183061 5.10767885 4.69751291]
[6 5 1 0],[0.         4.54683823 4.14966439 4.94123225]
[6 5 1 3],[ 0.         -4.29136176  1.71694504  0.68506364]
[6 5 6 3],[ 0.         -1.04742883  0.         -0.54018193]
[6 5 6 1],[ 0.         -2.2071201   0.         -0.06357481]
[6 3 6 5],[ 0.          2.03254338  0.         -0.52264048]
[3 1 0 3],[ 5.12142756  0.84104601  4.23994774 -0.08060967]
[4 1 0 3],[4.61855492 7.22469985 3.03606991 0.06963442]
[1 5 0 4],[5.12410432 1.24460214 2.12685668 6.61911575]
[0 3 4 3],[4.76893748 3.99267828 2.78443648 0.9936556 ]
[0 5 0 4],[6.89639043 2.9389626  6.31001325 6.38977057]
[5 4 0 6],[ 2.0059257  -2.45619829  5.41421657  0.        ]
[5 1 0 6],[2.36528114 1.9096037  4.53407058 0.        ]
[5 3 1 4],[ 1.09839781 -2.6037127   0.70587588 -0.37970865]
[5 4 1 4],[4.78601795 0.01303628 1.17197066 1.06109462]
[5 4 1 1],[0.54445877 1.09438712 0.45382797 0.99786869]
[5 4 4 1],[-0.75979418  1.54823209  0.28804513  0.73574486]
[5 0 4 1],[2.10301992 4.92239206 0.74815349 0.56548015]
[4 6 0 4],[1.79233772 0.         4.13876612 2.87716235]
[1 6 3 1],[ 0.23733187  0.         -1.56581746  1.37659953]
[2 6 2 6],[6.19711259 0.         5.50433936 0.        ]
[3 5 1 4],[-3.95737367  1.72087748  0.78482244  0.        ]
[4 5 1 4],[3.79207521 1.4908186  0.65700902 2.67227369]
[5 5 1 4],[ 0.         -0.85201903 -1.25467024  0.        ]
[5 5 1 1],[ 0.         -1.30357972  0.          0.        ]
[5 1 4 1],[ 7.84985809  0.44672882  1.93198791 -0.76299864]
[5 1 4 5],[0.         0.         0.         0.20283536]
[1 1 4 5],[-1.95435762 -0.76655585 -0.97478024  0.37415276]
[1 1 4 4],[5.11103412 5.62810953 3.64482345 2.51014355]
[4 1 3 4],[-0.89329569 -3.8901666  -1.17323147  2.81753079]
[5 6 1 1],[-0.02988454  0.          0.07296863 -1.46738856]
[2 1 0 2],[9.89469625 8.28121952 8.42572368 7.99203886]
[2 4 0 2],[12.76111545  8.09280217  5.57184819  8.98609371]
[3 4 0 3],[5.53289667 0.84562326 3.14146927 3.2965969 ]
[6 3 1 6],[0.         0.01390619 2.09907483 0.        ]
[6 5 4 6],[ 0.         -1.98705455 -0.3828194   0.        ]
[1 1 5 1],[2.14554653 1.01480828 6.5783445  0.81705145]
[1 3 5 1],[-0.78459356 -1.7577988  -2.8908377  -0.97661897]
[1 3 3 4],[-0.62052409 -1.91428237 -0.7036738   1.70443939]
[1 4 3 1],[3.03201952 2.01406489 1.45618098 1.3419652 ]
[1 4 1 1],[ 0.36485175  2.73830014 -0.12608781 -0.5429166 ]
[1 3 4 6],[-3.15487583  0.27913841  1.12860314  0.        ]
[3 6 0 4],[6.25147022 0.         2.65735966 1.89755145]
[3 6 3 4],[-1.82553692  0.         -4.18153682 -1.88250751]
[3 6 5 4],[ 0.96014146  0.          1.10750556 -0.91384142]
[3 6 5 0],[2.21567018 0.         0.85041015 2.5       ]
[1 6 5 0],[ 2.02049757  0.         -0.21450948  4.13558467]
[1 6 3 0],[-0.57286946  0.         -0.14058544  3.68399253]
[6 6 5 0],[0.         0.         0.0417669  4.36812126]
[6 6 0 0],[0.         0.         4.22412075 7.57337924]
[6 6 0 3],[0.         0.         4.90996196 2.00555219]
[6 6 0 1],[0.         0.         4.92959937 3.11010088]
[6 6 0 4],[0.         0.         4.83343946 2.84315666]
[6 6 0 5],[0.         0.         3.8888358  3.30839547]
[6 6 3 5],[ 0.          0.         -1.64968962 -2.47897573]
[6 6 3 1],[ 0.          0.         -1.81652304  1.29277827]
[6 6 3 4],[ 0.          0.         -0.28788056 -0.16608844]
[6 6 4 4],[ 0.          0.         -0.44898226  0.6965493 ]
[6 3 0 1],[ 0.          1.39648335  4.89403886 -0.36066653]
[6 3 3 1],[ 0.         -1.46322514  2.91525801 -2.04805207]
[5 1 0 0],[5.65942225 1.85036883 7.12201698 6.89237848]
[5 1 3 0],[-1.06605873  1.24927651  1.77081591  5.84677916]
[5 1 1 0],[5.61558133 3.88668993 3.96611541 4.42637754]
[6 4 1 4],[ 0.          0.95762994 -0.13281095  2.48352448]
[3 4 3 0],[1.47828377 2.56937969 1.94664471 5.59426033]
[4 1 3 3],[-1.15906886 -1.83921318 -0.17932446 -2.81150645]
[0 3 3 5],[ 0.         -2.58677403 -1.34864641  1.37645721]
[0 1 3 5],[ 3.65273844  2.27358288 -1.2927107   2.96554887]
[2 6 2 0],[ 5.98024521  0.         10.22047077  7.85749056]
[0 0 6 5],[5.30932303 7.17488289 0.         3.45657247]
[3 0 6 5],[-0.37124333  2.81116566  0.          2.02752307]
[3 3 6 0],[ 3.07026817 -1.07853163  0.          3.5685411 ]
[5 6 6 0],[-1.87099256  0.          0.          4.91612117]
[3 6 6 5],[-4.64843394  0.          0.         -1.58032215]
[3 6 3 0],[ 2.07813994  0.         -3.37740716  3.82446722]
[4 6 3 0],[ 3.17495665  0.         -2.66193849  6.4577584 ]
[1 1 6 5],[-1.20597739 -1.07987975  0.          1.3200183 ]
[1 3 4 0],[ 2.79521738 -1.00059888  4.3502177   5.26152785]
[1 3 3 3],[-3.30120315 -2.55147761  4.68701623 -3.39470894]
[1 3 4 3],[-1.47943932 -0.95426217  2.16126171  0.17497562]
[1 1 4 1],[-0.0949271   0.73105707  1.66657763  1.62909526]
[6 3 0 4],[ 0.         -0.26574249  4.32391603  3.42797215]
[6 6 4 3],[ 0.          0.         -0.24127021 -1.06681739]
[1 0 3 5],[ 2.91888902e+00  2.83787901e+00 -2.20820195e-03  1.25710070e+00]
[4 0 3 5],[3.37044509 4.375      2.54894287 3.07355187]
[4 0 3 3],[ 1.39764399  2.90263313  0.72196081 -2.35250549]
[1 0 1 5],[3.81910971 5.11543601 0.47472065 3.1021503 ]
[1 1 3 3],[ 1.78317405 -0.56613193 -2.04252198 -1.69372244]
[1 4 3 3],[ 3.97959579  1.48231518 -0.47329229 -2.59844642]
[2 4 3 2],[6.28100038 4.56678227 5.38817191 7.70070689]
[2 0 3 2],[11.13080563  4.52359819  7.99236242 10.20683754]
[0 0 1 5],[8.07814651 9.47892167 7.4940326  7.02089945]
[3 3 3 0],[ 0.25616134 -0.03794305  0.66684098  3.99372693]
[3 3 4 0],[0.94165574 3.97126505 4.49244309 4.2117119 ]
[3 3 1 0],[ 5.52267194  1.25842633 -0.43305148  6.24853721]
[2 2 1 3],[6.71326062 6.25507627 1.75514444 0.0656248 ]
[2 2 4 3],[5.57117261 5.7499288  3.86669131 5.89231159]
[4 4 4 4],[2.19638682 0.60842208 2.83061973 2.08098678]
[0 5 0 3],[6.52242346 3.06012902 5.45084485 2.5272804 ]
[0 5 0 5],[3.75       3.53576081 5.4375     2.96218037]
[0 0 3 5],[6.84369183 4.39065865 5.1704135  9.64962452]
[2 2 0 4],[10.60824097 10.10621662  7.69088349  7.0031994 ]
[2 2 0 1],[9.58653611 6.37597904 8.61760974 9.97603653]
[3 1 3 3],[-1.21737003 -2.41369614 -1.61979742 -1.22704016]
[2 1 2 3],[6.2235928  3.93040155 5.55720419 3.23859687]
[4 1 1 1],[-0.86476015  0.93733944  2.35905448 -2.92325593]
[0 5 4 0],[5.94069122 6.98648069 0.06791629 6.83592924]
[4 6 0 0],[3.36146956 0.         6.4167733  8.05884406]
[3 4 4 4],[6.49112843 0.47289936 1.86402558 3.69609146]
[3 1 4 4],[ 2.75695716  0.18417656  2.30374568 -0.0930384 ]
[3 2 2 1],[4.48377217 6.52006185 5.32781389 3.08697772]
[3 0 3 4],[-0.0763313   4.59822225  1.33413421  2.87029861]
[4 0 3 4],[-0.18763463  5.63603801  4.49909643  4.32019405]
[4 0 0 5],[ 4.45897206  7.37434999 10.03114078  5.8557718 ]
[1 0 0 5],[3.00072615 7.43376848 6.0932416  4.27871513]
[6 3 4 4],[ 0.         -0.21687289  1.36592834 -0.20556593]
[6 3 4 5],[ 0.         -0.40165857 -2.00754208  0.6367406 ]
[6 1 4 5],[0.         0.54855959 0.12283787 0.54936094]
[2 0 6 2],[6.103164   5.08147069 0.         7.70709481]
[2 0 0 2],[11.51536312  8.97930112 10.00250059 12.03485856]
[4 0 1 1],[5.60839085 5.09067255 1.49976396 1.70615278]
[4 3 1 3],[ 3.2536614   1.70778282  0.39736982 -0.96176562]
[4 3 3 4],[ 2.66727383 -2.41052441  0.96179555  2.60174222]
[4 3 3 3],[-1.31228958  1.26930188  0.66861342 -3.20035669]
[2 2 0 3],[6.90607794 8.66864452 8.48980251 6.95819457]
[4 3 4 6],[-0.27549894 -0.64686459  4.87114654  0.        ]
[0 4 4 6],[7.80640463 4.24651893 1.18778144 0.        ]
[4 3 4 3],[ 1.08748327  5.11619153  1.88644283 -3.38802933]
[4 5 0 3],[ 2.11458997  4.11292024  5.14980873 -0.53217038]
[5 1 6 0],[2.48956596 0.37633822 0.         7.30397651]
[6 6 5 4],[ 0.          0.         -1.38887187 -2.33687075]
[5 0 1 4],[2.53040023 3.34623149 2.66477726 3.01345963]
[5 0 1 0],[4.75220295 7.71065017 4.65957221 7.05778652]
[6 0 2 2],[ 0.          8.84754575 10.24620019  6.8648822 ]
[6 3 1 4],[ 0.         -1.21787363 -0.67528849  0.11431964]
[6 2 6 2],[0.         5.157657   0.         5.03557291]
[5 6 1 6],[-2.02428846  0.         -2.12025884  0.        ]
[6 5 0 6],[ 0.         -1.49798052  4.92773707  0.        ]
[1 3 0 5],[1.79224515 1.1971726  2.5        3.7570688 ]
[1 1 0 5],[0.99043499 2.23718926 3.84682479 4.31195011]
[3 1 0 5],[ 4.69613369  1.50942029  3.50653413 -0.76448812]
[6 6 3 3],[ 0.          0.         -0.22511053 -0.77223598]
[4 0 3 6],[2.50719457 4.8486227  0.28773629 0.        ]
[3 3 1 6],[-0.78196484  2.1410531  -1.85498267  0.        ]
[4 3 3 6],[ 1.12325081 -2.6774997  -0.03886969  0.        ]
[5 1 4 6],[ 0.05174201  1.23378904 -0.25833021  0.        ]
[2 1 2 6],[4.50107025 2.24593338 6.33609237 0.        ]
[0 6 2 2],[8.8881416  0.         6.45081187 8.63588396]
[1 6 3 5],[-1.77204653  0.         -1.21663456 -1.21376338]
[6 6 1 5],[ 0.          0.          2.65634186 -0.25118614]
[4 0 1 5],[3.88409122 5.16683593 1.03045994 3.50931156]
[1 3 4 4],[-0.42232413  0.95277865  0.13391407  1.09952894]
[6 0 5 6],[0.         6.04793197 2.29380002 0.        ]
[0 2 2 6],[6.84635225 9.1895861  7.53486544 0.        ]
[0 4 5 6],[6.59875028 0.3607314  0.59328894 0.        ]
[0 4 5 0],[11.60984382  3.28680454  7.30877834  7.0623398 ]
[1 6 3 3],[-0.2822746   0.          0.23678806 -2.81446988]
[1 6 3 4],[-0.70472693  0.         -1.81568782  0.61893224]
[6 6 5 3],[ 0.          0.         -1.47848446 -2.81203254]
[1 3 5 0],[3.60022997 1.15236543 1.41725741 3.37622545]
[4 1 0 5],[2.28594163 2.67622213 3.37943582 0.89508676]
[5 0 1 1],[7.16944486 3.99461157 1.9932052  0.03330981]
[4 3 4 4],[ 2.1220113  -3.72318493  1.52445231  2.72430555]
[2 4 2 6],[4.99538885 4.54583569 7.22475031 0.        ]
[3 1 4 3],[-0.63161501 -0.03899515  0.32721505  0.09198557]
[3 2 2 3],[1.50821593 5.20771384 6.08558553 2.64187395]
[4 1 4 4],[ 4.07101438 -0.03037599  2.13312002  5.31342098]
[0 3 6 4],[ 2.08320883 -0.08312598  0.          2.33811817]
[3 3 6 1],[-0.65839898 -3.18899707  0.          4.87834222]
[5 4 6 1],[-0.32876654 -1.0620005   0.         -2.6191153 ]
[5 1 6 1],[-0.17485166  2.89689922  0.         -1.35090842]
[3 3 6 3],[-1.87336291 -0.74600883  0.         -2.84581297]
[1 3 6 3],[-0.60930256 -1.18136293  0.         -0.25297686]
[3 3 6 6],[1.4754794  0.75936908 0.         0.        ]
[4 6 4 4],[-0.0635273   0.          3.47810063  1.53951465]
[4 6 3 6],[0.1815889  0.         0.27216858 0.        ]
[3 6 5 6],[ 0.41328789  0.         -0.81154723  0.        ]
[1 6 5 6],[-1.4961229   0.          0.11536767  0.        ]
[0 3 1 3],[7.34355076 0.2655708  2.50781107 1.47539798]
[0 1 5 1],[3.90169008 2.76863986 5.79323392 2.07589294]
[0 1 5 4],[4.39250665 2.03089001 5.5751297  4.66743505]
[4 5 1 0],[5.0194576  6.85196549 0.82419728 6.41889323]
[5 5 0 0],[6.72969493 5.29246543 0.         0.        ]
[0 0 5 5],[3.75       2.32046381 3.45658197 2.12263547]
[5 3 0 0],[4.79574134 5.96698944 4.52781822 6.05420402]
[5 3 3 0],[-0.1900669   0.85111804  0.12638359  0.        ]
[6 3 3 6],[ 0.         -4.16938814 -0.45669645  0.        ]
[4 1 1 4],[ 2.28962379 -2.57620662  2.06519053 -3.76092513]
[4 6 1 5],[-0.90460914  0.          0.0115204  -1.91201415]
[4 6 4 5],[-0.36981281  0.          1.39684158 -3.0023849 ]
[0 6 4 5],[3.1875     0.         3.14196596 0.9528067 ]
[0 3 5 0],[6.78320077 4.74870551 3.1925805  5.60001587]
[0 5 6 5],[ 2.5         0.82396883  0.         -1.73209725]
[5 0 6 6],[0.68245564 2.60551582 0.         0.        ]
[1 1 3 4],[ 1.580814   -1.52837733  2.48846578  2.55466523]
[1 4 4 3],[3.46005569 2.29121234 1.13061917 4.57720097]
[1 0 2 2],[ 8.17061249  8.15872388 12.09271354 10.63234951]
[1 3 1 5],[-1.72652343 -0.93293722  4.00403102  2.42094387]
[1 1 1 5],[-1.08893479  0.65484369 -2.63039542  0.41046565]
[1 4 1 5],[ 1.04141235 -0.34974607  1.29800419  0.53835693]
[1 4 3 4],[-0.50303443  3.57706091  2.11065325  1.47122648]
[3 3 0 3],[0.75156996 0.92934588 2.21085099 0.50698827]
[3 2 0 2],[5.10039484 8.67781212 7.02076849 7.87247533]
[4 4 3 1],[ 0.76089561 -0.52069346 -1.22997936 -0.87662943]
[4 1 3 1],[-1.29650265 -0.97750335 -1.05624988 -0.20538874]
[5 0 3 6],[1.54235738 2.4237313  0.29096805 0.        ]
[0 2 3 2],[ 5.19477112 12.87173943  3.81283996  6.27910208]
[2 4 2 1],[4.28616865 4.48604952 5.76134374 6.35167088]
[2 1 2 4],[4.43765112 5.62091025 6.50479211 6.53040883]
[2 1 2 1],[8.64948274 6.49795215 5.99780627 3.84545308]
[2 6 0 2],[6.94950398 0.         8.83428243 7.0001032 ]
[3 3 1 4],[-3.5337576   1.09215266  0.46266641  2.18746242]
[3 3 1 3],[ 3.9842593  -1.1453178   4.00588762  0.47571585]
[4 4 1 4],[ 2.66855048  0.96890163 -1.1466521   0.47839907]
[5 0 6 3],[ 0.10590087  3.75        0.         -2.44127564]
[5 3 1 1],[-1.27442703 -0.50140508 -2.42557965 -0.71380716]
[5 0 1 6],[3.8124306  4.46701381 2.68869298 0.        ]
[4 6 3 4],[-0.31772626  0.         -0.86502887 -0.70249416]
[1 6 1 5],[-0.42718235  0.         -0.31535062  0.04347564]
[1 6 5 5],[ 2.47030169  0.         -0.52797002 -5.14408385]
[5 3 0 6],[1.44390453 0.08583421 2.5        0.        ]
[4 0 5 6],[ 1.98061392  4.50648417 -0.45869602  0.        ]
[6 3 3 0],[ 0.         -0.79461428 -1.14771592  4.6846193 ]
[2 0 2 3],[ 9.24520843  9.81685651 12.12325394  5.65525492]
[0 2 2 1],[7.5657813  9.42147328 9.30910372 5.53430421]
[5 5 6 0],[0.         1.43176009 0.         0.        ]
[5 4 6 0],[4.49223959 3.18376522 0.         4.69456038]
[1 2 6 2],[4.45192817 5.02955249 0.         6.93567108]
[5 0 0 4],[8.2649531  7.76935808 8.5506191  7.01915133]
[6 0 1 5],[0.         4.84308179 2.89881576 4.73782773]
[6 5 6 0],[0.         1.48370329 0.         5.18080151]
[0 2 2 0],[11.42909314 15.32211739 12.52651866 12.74930182]
[3 2 2 0],[6.60170093 8.40603743 6.56248024 9.00579402]
[1 0 5 0],[2.61148341 8.12459129 8.73936781 5.7487872 ]
[3 3 5 0],[2.56196905 1.29019366 0.57163275 4.375     ]
[3 3 5 3],[ 0.         -4.92635558 -0.86654133  0.        ]
[6 2 1 2],[0.         6.11731909 8.09824966 6.37607358]
[6 4 1 5],[ 0.         -1.80360911 -0.37345086 -0.02478065]
[0 6 5 6],[ 5.15148277  0.         -1.72775755  0.        ]
[5 3 6 0],[ 2.60291062 -1.09979081  0.          3.28774708]
[1 1 5 0],[3.93095041 3.81679644 5.26811184 5.9384487 ]
[4 2 2 0],[ 7.86137182  9.19874611 11.35323733 10.13514572]
[5 3 1 0],[2.27436868 4.55733872 3.6502584  2.99026318]
[4 3 5 0],[1.32393978 0.7007099  1.87247138 2.5       ]
[3 1 5 0],[-0.58681505  0.44056849  2.80567656  3.81972179]
[3 1 5 3],[ 1.23900466  0.81705982 -0.85891139 -1.60167446]
[1 4 5 0],[5.54166371 3.86175609 4.80663246 5.54968264]
[1 4 5 3],[-3.02827026  1.21743683 -1.19480653  0.13860929]
[6 3 0 5],[0.         2.20297336 0.         0.23008192]
[6 4 0 5],[ 0.         -1.1664589   3.02103637  1.12486836]
[1 0 5 6],[4.91812643 5.59841383 2.85318591 0.        ]
[5 6 0 4],[2.39141735 0.         3.85200917 1.76544112]
[2 2 1 1],[6.99152409 6.86801471 1.68584892 3.63531944]
[2 2 1 4],[4.99982843 8.79006843 2.41614111 5.06962097]
[4 5 1 1],[0.97293363 0.82479122 0.87595188 0.18842287]
[0 5 1 1],[5.17503431 2.18868437 2.04345553 4.51479655]
[6 3 5 6],[ 0.         -2.09302239 -3.76981936  0.        ]
[6 5 1 6],[ 0.         -0.9814581  -1.37559401  0.        ]
[1 3 5 6],[-4.95218338 -1.4394779  -2.37939735  0.        ]
[1 1 5 6],[ 2.53108379 -0.03705582  0.94164721  0.        ]
[3 4 5 0],[1.26772988 4.12078583 4.77649697 4.36240489]
[2 6 1 2],[7.47617342 0.         4.66961954 4.08341718]
[5 6 4 1],[-1.96261222  0.         -0.16236251  1.06398648]
[1 6 2 2],[-1.34441647  0.          6.24361114  6.63303123]
[4 6 2 2],[3.90165954 0.         5.94124091 6.04975643]
[6 6 5 1],[ 0.          0.         -4.25933154 -3.33643247]
[2 2 0 6],[5.74295361 6.9108389  7.60164249 0.        ]
[6 0 5 1],[ 0.          5.13410171 -2.56764194  3.67163075]
[6 0 5 4],[ 0.          4.63590693 -1.57889681  3.48242552]
[6 0 4 4],[0.         5.42941052 2.36734197 0.3423641 ]
[6 3 3 4],[ 0.          0.19937104 -0.81789855 -1.76882498]
[6 1 5 0],[0.         3.13292501 3.34577269 4.51665224]
[6 4 5 0],[ 0.         -1.17204595  2.58246547  2.93345002]
[6 2 2 0],[ 0.          6.29917131 10.26886869  7.37194436]
[5 0 3 1],[0.96137432 5.23285411 1.76868566 1.33101453]
[4 4 3 4],[0.45209451 1.10914841 3.70080995 1.04089948]
[0 4 5 1],[3.57063274 2.50967152 5.60290303 3.79950324]
[5 0 4 6],[-0.77569913  2.26935282 -0.09307557  0.        ]
[3 0 5 6],[-2.15315527  4.64570983 -0.29140843  0.        ]
[2 2 1 6],[6.71085437 4.43749315 3.45442761 0.        ]
[2 2 6 6],[5.01502352 4.99698288 0.         0.        ]
[0 3 0 5],[5.55040016 4.90719893 4.37398875 4.87714328]
[6 5 0 0],[ 0.         -2.07940201  6.30992039  4.7972007 ]
[1 2 1 2],[4.18967155 5.33896118 3.3242461  3.79380145]
[1 2 4 2],[3.49209443 6.34665606 4.15258039 7.28015313]
[1 5 4 1],[-3.39979903  0.53228929 -1.41437663 -0.69903082]
[1 1 5 4],[ 1.12476981  0.3175542   0.06943236 -0.48123165]
[1 1 5 3],[-0.79130212 -0.9618659   0.07159084  2.84302607]
[3 3 4 4],[-2.00490496 -2.05620211  0.35452753 -1.95459515]
[3 5 3 0],[ 0.27913239 -0.09958454 -1.11932638  0.        ]
[3 5 1 0],[-1.52600966 -1.63241945  2.95493489  4.61604158]
[2 4 2 0],[11.18163824  8.36352227 12.43969305  9.67998829]
[5 6 1 0],[2.65901075 0.         0.45705881 5.28406381]
[4 6 5 0],[ 4.04849374  0.         -2.15826607  4.75969285]
[5 6 5 0],[2.94056184 0.         0.86427907 5.        ]
[6 1 5 6],[ 0.         -2.65354522 -2.82799216  0.        ]
[6 5 6 4],[ 0.         -1.47397561  0.         -0.03412962]
[0 3 2 2],[2.6875     8.73945211 8.37416059 7.35062807]
[0 1 1 5],[4.91493222 3.78269558 2.7286653  2.16515982]
[0 5 4 4],[2.93814825 5.3675873  3.69440533 4.44715176]
[0 5 4 1],[2.65647804 1.09529161 2.04750365 2.18784931]
[6 3 2 2],[ 0.         -0.31465653  4.19655015  5.09588612]
[6 5 5 0],[ 0.         -1.25        0.17098834  0.        ]
[2 2 6 3],[6.00614569 4.41977618 0.         1.96843328]
[2 4 6 2],[7.22350877 7.47787919 0.         5.87547332]
[2 1 6 2],[4.4568864  4.09867329 0.         5.06677262]
[2 5 6 2],[3.21715904 0.         0.         2.5       ]
[6 1 6 5],[ 0.          0.89897221  0.         -0.13158675]
[6 4 5 6],[ 0.          0.2175576  -0.53353664  0.        ]
[6 5 1 1],[ 0.         -1.16984245 -0.67005434  1.55183168]
[4 0 5 0],[5.39222749 5.8624117  6.28929295 5.66253742]
[4 0 5 3],[0.32858777 2.5        4.22653425 3.08978844]
[1 0 5 3],[-1.08701694  3.84665631  1.42254384 -0.2703197 ]
[1 3 6 5],[-1.66571816 -2.78554886  0.         -0.25225627]
[2 3 6 2],[ 5.16800997 -0.67413082  0.          4.91688397]
[2 2 4 1],[8.4015856  7.72186807 6.1844205  4.00630771]
[3 3 6 4],[-1.66297649  2.93652556  0.          0.0690925 ]
[3 3 3 4],[ 1.00214173 -2.0138537  -1.38504493 -0.34443567]
[3 3 3 1],[-2.06593547 -6.05578045 -0.91552103 -2.85952617]
[1 4 4 5],[ 2.35030693 -0.34694293  0.74566078  5.92624926]
[6 0 4 5],[ 0.          2.39620844  4.12775702 -1.79739653]
[6 0 5 5],[ 0.          0.          1.15307152 -1.82951426]
[6 3 5 1],[ 0.         -3.2118604  -0.18548505  0.1381404 ]
[6 1 5 1],[ 0.         -0.50825546 -0.8279403  -3.36323638]
[6 5 0 4],[ 0.         -2.61972233  5.09624931  4.6878304 ]
[3 0 3 3],[-0.02347178  3.71224223 -0.99636726  2.09462101]
[5 0 3 4],[0.28880757 2.84636178 4.02240365 3.83823862]
[1 5 6 6],[-0.36641574  0.26002209  0.          0.        ]
[5 1 6 6],[ 0.9520167  -0.45361379  0.          0.        ]
[0 5 0 1],[8.62756593 5.7846381  6.4922876  5.04026831]
[1 4 6 5],[-1.45596298 -0.99706816  0.         -0.40585037]
[5 1 0 1],[5.05586457 3.73742048 6.27867074 1.81155066]
[6 6 4 5],[ 0.          0.         -0.01387139 -0.27416109]
[5 1 0 3],[0.95630895 1.83432981 2.3516562  1.48162209]
[4 2 6 2],[3.92676911 6.04983652 0.         3.62640761]
[3 3 3 3],[-5.70174586 -3.45869588 -0.11361532 -3.62004968]
[5 1 3 4],[ 0.65506172 -1.375      -2.5        -1.02922013]
[5 1 3 1],[-2.90756422  3.21661608  1.69465765  2.35143975]
[5 4 3 1],[-0.97921585  2.4987074   2.08952314 -2.19433105]
[6 5 0 1],[ 0.         -0.50520083  4.38059946  1.52018248]
[0 3 5 1],[5.45633016 2.4065554  1.97229494 0.47921129]
[3 5 6 1],[-3.7645497  -2.90765245  0.         -0.06459619]
[1 6 5 1],[-3.6002907   0.         -0.47781413 -0.49211714]
[5 0 5 0],[4.29016706 4.065625   4.47658846 6.63691386]
[4 0 2 2],[ 7.59967683  4.41244352 12.09941247  7.63602101]
[5 4 4 0],[7.72334581 3.16436494 4.09299529 4.20569238]
[5 4 1 0],[5.72121573 4.16355913 0.41606991 4.32923594]
[5 1 4 0],[3.78699562 2.24055818 7.05568169 5.03054324]
[6 2 2 4],[0.         5.68185178 5.25819505 5.17463162]
[6 1 2 2],[0.         2.24638886 4.59989869 7.41953963]
[6 3 1 5],[ 0.         -0.99980616 -2.50739829 -3.71934771]
[0 5 3 4],[3.75       3.26116877 0.65853581 2.7091741 ]
[0 5 3 3],[ 3.35824947  1.46585093 -1.77085116  1.62066982]
[0 4 1 5],[2.5        5.071555   4.9123734  6.06367213]
[3 5 0 0],[3.20407265 4.98689519 3.91378873 9.0148252 ]
[0 5 4 6],[3.51051647 0.85012544 1.97747859 0.        ]
[5 4 3 6],[-1.27787403  0.80385454  1.38838024  0.        ]
[1 4 5 6],[-0.05751926  1.10027165  1.10752565  0.        ]
[4 1 6 5],[ 1.33248552  1.2985794   0.         -2.29947077]
[3 1 6 5],[ 2.26745687 -1.96041422  0.         -0.40834072]
[5 1 6 4],[ 1.44617764  0.94273037  0.         -0.31491695]
[3 3 4 6],[-0.03104331 -0.90376568 -2.38889361  0.        ]
[5 1 1 6],[-0.45480555 -1.47639459 -2.45893537  0.        ]
[3 3 0 5],[ 1.1167327   0.61259895  0.         -1.6379461 ]
[3 4 1 5],[-2.3224959  -1.50823667  1.875      -0.65248492]
[0 5 5 4],[ 0.         -0.94375019  0.66052024  2.5       ]
[6 4 2 2],[0.         5.93837933 4.78688508 5.57996649]
[0 5 4 3],[2.5        1.74689542 2.30915654 0.21493494]
[0 2 2 3],[ 7.26646261 10.27111442  8.85729898  6.10029565]
[2 6 3 2],[ 4.9188736   0.         -1.56804262  5.01150827]
[6 2 2 1],[0.         5.94976962 5.76823929 0.08424788]
[2 0 1 2],[ 8.5771063  10.76905659  4.46018129  8.64549028]
[0 5 3 1],[2.38298065 1.43855358 0.33385811 0.30826864]
[6 3 5 0],[ 0.         -0.96326432 -2.34200713  3.090221  ]
[3 5 0 3],[3.23026751 2.03052266 3.75       3.99702882]
[4 2 2 4],[2.34172484 7.19282148 6.32451822 7.02655198]
[4 0 6 5],[2.61546806 4.91112299 0.         2.94941016]
[4 3 6 5],[ 0.         -0.58995712  0.         -3.6213268 ]
[5 3 3 6],[-2.4708407  -2.83935272 -2.22446909  0.        ]
[5 0 0 3],[0.45030766 3.11575277 2.86808285 5.15524752]
[5 6 6 4],[-2.60905024  0.          0.          1.82868911]
[2 6 6 2],[6.03878108 0.         0.         4.0511146 ]
[4 6 5 6],[-2.4952028   0.          0.45000576  0.        ]
[1 2 2 3],[5.10147556 7.07292486 7.45505777 2.96493321]
[1 4 5 1],[ 0.56322668  2.51824975  1.80369735 -0.86786427]
[1 4 5 4],[0.37188474 3.24419727 0.21282697 3.11464546]
[6 3 5 4],[ 0.         -2.08438849 -2.09145253 -0.54264226]
[6 0 3 5],[ 0.          0.         -0.97550016 -3.75606041]
[6 5 3 6],[ 0.         -1.75921044 -0.20183612  0.        ]
[1 1 3 5],[-0.11144496 -1.12505973 -2.41234834  2.11038373]
[4 1 4 5],[ 0.37912855 -1.7858811  -0.07622766  3.07165165]
[4 1 2 2],[6.71665534 2.33459524 7.27762986 4.98017037]
[4 1 1 5],[ 0.05785724 -0.01436675 -0.84624818  0.13336742]
[4 6 0 5],[ 0.71921486  0.          4.67490815 -2.21264237]
[3 0 3 5],[ 0.7260878   3.5080749   0.14089508 -0.13760161]
[3 0 1 5],[-2.7912736   2.7569444   2.42588676  5.67461533]
[4 0 5 1],[0.8085123  4.71470883 3.70683355 2.10216819]
[1 3 5 3],[ 1.99246282 -2.29108132 -2.55092001 -1.2953125 ]
[3 5 6 6],[-0.34400972 -4.92059976  0.          0.        ]
[5 5 6 6],[0.         0.09799674 0.         0.        ]
[3 3 3 6],[-5.40275178 -5.26668788 -5.05626515  0.        ]
[4 4 3 3],[ 0.27817268  3.73184603 -0.95686701 -1.77991184]
[4 4 4 3],[-1.41794212  1.17898822  1.6577641   0.32634257]
[2 6 2 1],[5.71987788 0.         4.70501276 4.39774619]
[0 3 5 6],[4.22903785 0.49649922 1.51549426 0.        ]
[1 5 0 5],[0.         1.54071093 0.         0.10174998]
[1 5 4 6],[ 1.92733292 -0.97530531  3.10097962  0.        ]
[4 5 4 6],[-0.02282889  4.82630322 -0.46004058  0.        ]
[5 1 0 5],[2.06710967 0.78644096 0.         1.538632  ]
[1 4 0 5],[5.32559996 6.13108135 6.22488936 5.70947288]
[6 2 2 6],[0.         5.09350362 4.87221757 0.        ]
[3 1 2 2],[6.94223467 5.44969172 3.30106316 7.40977804]
[1 1 2 2],[5.72456522 5.17882602 9.59262063 5.94163091]
[6 6 2 2],[0.         0.         4.99536483 5.90090302]
[0 2 1 2],[ 8.13985113 10.27982345  7.89087505  9.87695927]
[4 1 5 6],[-0.61734818  0.23226143  0.06638397  0.        ]
[5 6 3 6],[-5.60503513  0.         -0.62877346  0.        ]
[0 5 1 4],[4.67115123 4.02168569 2.0376803  2.62087391]
[2 4 1 2],[7.08956285 4.6159603  4.17478483 9.63533129]
[2 0 4 2],[10.10771024  9.419804    9.28101239  9.73621034]
[0 4 6 5],[0.         5.4759353  0.         4.19775569]
[6 3 3 3],[ 0.         -3.9141436   1.37623963 -0.50535348]
[6 3 5 3],[ 0.          1.10167832 -1.30868985 -1.46617555]
[6 1 5 3],[ 0.         -0.1420244  -0.16041369 -0.98802181]
[3 0 5 4],[0.21837798 3.18802131 1.59680075 0.2489724 ]
[3 0 5 1],[0.26590482 0.         1.55799692 0.54841391]
[3 3 6 5],[-1.43461585  0.40690429  0.          0.02323476]
[5 6 4 5],[-2.11367861  0.          0.          2.42089517]
[0 3 4 5],[ 6.29347811 -0.90719871  1.72924187  0.05698219]
[2 0 2 6],[6.46058585 9.0293651  9.17063855 0.        ]
[6 2 4 2],[0.         5.08090396 3.02662471 5.74193151]
[6 5 4 1],[ 0.          0.34393042  2.18389744 -0.15114934]
[5 5 6 1],[-0.19236928 -0.41217613  0.          2.4884721 ]
[5 5 6 3],[ 0.         -2.72731462  0.          0.        ]
[2 1 3 2],[4.95312613 3.9186145  2.60703373 4.2010853 ]
[3 1 5 4],[ 2.44236487 -4.57792569  1.41745052 -0.34583998]
[3 4 5 4],[0.         0.63785273 2.5        0.13335281]
[3 4 2 2],[-1.51124726  1.45664481  5.55180531  6.88070979]
[3 4 3 3],[ 1.65057722 -1.28124653  3.61957348 -5.45836505]
[1 0 5 1],[-2.29194281  3.98391164  3.07671926  3.99490059]
[2 3 2 1],[3.32584685 1.70175651 6.65809375 4.76603912]
[0 5 5 0],[6.25       2.94703602 6.67646642 2.5       ]
[6 5 1 4],[ 0.         -2.82106895 -2.43040076  2.35188873]
[4 5 4 0],[8.44339926 3.9297108  5.34712798 2.5       ]
[5 4 3 4],[ 1.27478428  0.         -1.05137205  0.13907835]
[2 2 4 6],[4.75531278 4.97289791 6.03118154 0.        ]
[2 2 5 6],[3.36610902 3.57004544 0.16377226 0.        ]
[4 4 5 0],[3.38002982 4.82509002 5.20170644 5.06712108]
[1 3 5 4],[ 0.90625    -2.13043694  1.14797955  0.72773653]
[4 2 3 2],[5.96167634 6.23936171 1.88537431 3.40382985]
[1 2 3 2],[ 1.78024482  6.73298688 -1.9399977   5.23127962]
[1 2 5 2],[ 0.          2.66734813 -3.00638077  2.95745825]
[0 6 5 3],[1.7246414  0.         0.54764692 3.7391729 ]
[5 4 6 6],[ 1.01969443 -1.69552319  0.          0.        ]
[1 3 2 2],[ 2.22231015 -0.6244125   7.45195193  4.35509578]
[6 4 5 4],[ 0.          0.14391703 -2.39555169  1.24665679]
[6 1 5 4],[ 0.         -0.2629     -2.74993426 -1.06735446]
[2 0 2 4],[10.1769192  10.67504734 10.96758378  8.69821066]
[5 6 1 3],[ 0.27984785  0.         -0.35418932 -3.6410869 ]
[5 6 4 3],[-1.25627853  0.          0.         -0.14026661]
[6 4 6 5],[ 0.          1.14575529  0.         -1.28099799]
[4 5 0 1],[2.57091887 0.83199979 4.10831563 1.32701158]
[5 3 1 6],[-1.28174051 -0.55672825 -0.43632918  0.        ]
[5 3 4 6],[-2.01636303 -0.38912456 -0.30071614  0.        ]
[2 1 2 0],[ 9.79393497  2.01934118  8.45682788 10.41062312]
[4 5 6 0],[2.76164676 0.92368319 0.         3.26281401]
[6 5 3 3],[ 0.         -2.38526132 -3.328125    0.        ]
[6 5 3 1],[ 0.         -0.84060931  0.3069271  -1.83145855]
[4 4 5 1],[2.15555281 0.85712331 2.99506742 0.25877035]
[2 2 3 1],[3.48256855 7.47412434 4.78318476 3.78888951]
[2 2 3 4],[6.62388411 5.60035134 3.61269997 4.13003672]
[0 5 3 5],[ 0.          1.06280721 -4.375       2.5       ]
[5 3 5 1],[-0.64986949  0.          3.08431571  0.        ]
[5 1 6 3],[4.32829646 1.19901536 0.         0.70087635]
[5 6 3 1],[ 2.29277649  0.         -2.2156574  -0.25596138]
[5 6 3 3],[-0.55554315  0.         -1.24406851 -1.30477653]
[3 0 5 3],[ 0.65421949  3.75        1.12236292 -1.36300469]
[5 0 5 1],[1.70483762 2.5        0.12530104 1.62341867]
[3 3 5 4],[-2.49142257 -1.34327364 -2.85133068 -1.67360143]
[4 4 0 5],[3.75065689 2.71601709 3.75       3.6432925 ]
[5 5 4 1],[0. 0. 0. 0.]
[5 5 1 6],[ 2.5        -0.46471489  0.          0.        ]
[5 2 2 6],[0.89348903 4.28773001 4.18335738 0.        ]
[6 5 6 5],[ 0.         -0.54302085  0.         -0.13401321]
[3 3 4 3],[ 0.45878608 -4.14718901  0.59607319 -4.56518017]
[3 6 5 3],[-0.76991347  0.         -4.91189897 -2.5124198 ]
[3 6 5 1],[-4.31839182  0.         -3.12731621 -1.55694751]
[3 4 4 6],[-0.20091253  2.49296726  0.83070822  0.        ]
[4 0 4 5],[3.44352009 3.75       4.51730911 4.39940181]
[3 3 2 2],[-1.75036746  3.50411241  6.68775341  5.38564853]
[4 3 2 2],[2.09928992 4.48548614 4.05932163 5.17495868]
[5 6 4 0],[3.90709109 0.         3.02319647 3.58920666]
[5 6 3 0],[-0.03098223  0.          0.38039495  2.5       ]
[5 4 1 3],[ 0.38485913 -1.40188771  1.07349429 -1.07450749]
[5 1 1 3],[ 2.14368125  0.36057662  1.03536197 -3.07594449]
[0 5 5 3],[ 0.          0.          0.         -2.04187509]
[0 5 5 1],[0.         4.47834932 0.0396947  1.66940073]
[4 5 3 3],[-0.40292578  4.36068606  1.25       -2.5       ]
[4 2 2 1],[0.31508048 7.419607   7.88218646 3.12645438]
[2 3 4 2],[3.97324189 4.3199574  6.0354291  5.94281381]
[5 3 4 0],[1.52210997 6.37647149 3.42565653 2.5       ]
[5 2 1 2],[1.43444696 2.5        0.         2.5       ]
[5 2 6 2],[2.1167779  2.19371633 0.         5.13516296]
[2 2 4 4],[9.62796022 4.83777432 6.82557864 8.44926157]
[4 6 5 1],[ 0.67329669  0.          1.25334434 -0.07004583]
[6 5 0 3],[ 0.         -0.51544725  2.5         0.22004448]
[6 0 5 3],[0.         3.746471   1.07118876 0.6378039 ]
[0 1 5 3],[ 2.86767692  0.41505789  0.77529345 -1.73674741]
[0 3 5 4],[1.14365719 0.91088194 3.95531547 3.00094264]
[0 4 5 4],[4.875      1.04309038 5.43930434 3.15139625]
[0 3 1 5],[3.23452124 1.63661616 4.12835137 5.85066884]
[3 5 0 6],[-2.2724018  -3.05107807  2.59078894  0.        ]
[6 5 5 6],[ 0.         -0.05197385  1.25        0.        ]
[0 1 4 5],[3.25       3.36191393 3.07103081 0.62490912]
[2 4 2 3],[7.99345259 5.00201896 5.94704712 5.97070523]
[4 4 2 2],[1.4320964  6.36269704 9.18557292 9.23055474]
[1 4 2 2],[4.69952302 5.0518348  6.33099415 5.03065642]
[2 0 2 2],[6.8424328  2.5        7.79380861 6.24479211]
[2 3 2 2],[-3.01024993 -3.75        2.98836239  0.780111  ]
[2 4 2 2],[ 0.   2.5  0.  -2.5]
[2 1 2 2],[1.9997663  3.64739349 0.77879499 5.0616396 ]
[5 1 3 6],[ 0.44913057 -3.04772557 -1.81570456  0.        ]
[1 0 4 5],[4.00737659 4.23490565 4.1343794  3.64355646]
[5 2 2 1],[6.22225703 5.10699525 2.16426595 0.        ]
[3 6 2 2],[0.18143413 0.         4.33652776 6.41924483]
[2 3 2 4],[ 4.97889347  1.86959242  9.06731742 -1.20457889]
[2 2 2 2],[ 8.27168228  8.35522226 11.48293316  5.42424258]
[3 2 1 2],[2.7588527  5.94819209 2.83211808 2.79709864]
[1 3 3 5],[-0.90913676 -2.07419373 -0.77693554  0.75747386]
[2 3 2 0],[8.09225775 7.19017695 7.44700471 8.95711436]
[4 5 3 0],[ 5.53256857 -0.24976369  7.78264361  6.25      ]
[1 6 5 3],[-0.72638099  0.          1.51751659 -0.56625144]
[2 3 2 6],[5.52564475 2.9567142  5.87726338 0.        ]
[3 6 1 5],[-0.99337063  0.         -3.23549944  1.95194098]
[2 6 2 4],[5.60642543 0.         4.71597415 3.51318134]
[2 6 2 5],[4.77077829 0.         2.5        2.82563168]
[3 5 6 0],[-1.48781082 -2.50530388  0.          0.        ]
[3 4 6 5],[-1.97939562 -0.4427825   0.         -0.29731809]
[3 5 5 0],[0.         1.81884048 0.67112778 0.        ]
[4 6 5 3],[-0.534375    0.          2.78855537 -3.74938309]
[4 4 5 6],[ 2.93080727  0.5534949  -0.47625778  0.        ]
[4 3 5 1],[ 1.65578148 -1.67651909  0.07020751  0.3002946 ]
[0 4 4 5],[2.26814395 2.31214612 0.22038535 3.38356838]
[3 4 0 5],[2.50119708 3.21191948 4.94778024 3.70518177]
[0 6 3 5],[ 3.17199099  0.         -0.47822695  0.6585385 ]
[4 5 6 6],[-0.40428788  0.73986749  0.          0.        ]
[3 3 3 5],[ 0.          0.         -3.63443952 -0.11129522]
[3 5 3 4],[-2.29609375 -2.91845733  0.265625   -1.16823865]
[3 5 4 4],[ 0.         -1.80411501  1.27051992  3.75      ]
[4 6 3 5],[ 1.81467154  0.         -2.7655196   2.32866853]
[0 3 6 5],[4.86697265 2.21385951 0.         1.3688182 ]
[4 4 5 3],[-2.80444654  0.82675969  1.19070829  1.30825775]
[3 4 5 1],[-0.34827915 -0.86487907  2.44720644 -0.41072598]
[5 1 4 4],[1.84830137 0.22538527 0.4855796  3.55917015]
[5 4 3 0],[1.99771793 2.67805784 4.5216583  2.52495647]
[3 1 5 6],[-0.33510362 -2.01957756 -2.90609514  0.        ]
[5 6 2 2],[2.16676777 0.         2.5        2.32031246]
[5 6 1 4],[-0.54137368  0.          2.4343592   1.1872341 ]
[4 3 0 5],[ 1.60198334 -0.34633273  1.45322305  0.75667121]
[2 2 2 4],[2.73060531 1.32948385 1.1333295  0.        ]
[2 2 2 1],[1.33395105 3.62718269 0.62015625 2.19821496]
[1 5 3 3],[-2.7980903   0.51012688  1.1483801  -0.53313571]
[1 5 3 1],[-1.20649472 -3.51237576 -0.02110031  1.57399948]
[1 5 1 1],[-3.46458341  3.50969922 -2.80755855 -2.60509532]
[1 5 4 4],[ 2.96224206 -1.37826479  0.          1.69271822]
[1 2 2 6],[8.2974441  4.72802853 6.21682834 0.        ]
[6 5 3 0],[0.         1.2076959  0.83448866 2.75084958]
[4 5 3 1],[ 0.         -1.57212002 -1.70374305  1.03125   ]
[1 6 5 4],[-2.49686864  0.         -2.89164524 -1.51452633]
[3 5 3 3],[-1.25718131 -0.87055673  0.         -2.43476764]
[3 5 3 1],[-1.51276349 -3.54894307 -1.69201969 -1.99928406]
[5 4 5 1],[-1.125  0.     0.     0.   ]
[3 2 2 4],[3.6306101  5.83790746 6.77560568 5.82083358]
[5 2 4 2],[0.         2.5        0.         5.18889704]
[1 6 4 5],[-1.02671894  0.          1.83519552 -1.20734355]
[3 2 6 2],[4.67827327 3.9898177  0.         5.54070348]
[6 4 5 1],[ 0.         -0.60895535 -2.6178641  -0.79571669]
[2 2 6 1],[6.27740559 6.09797907 0.         2.07980592]
[3 5 4 0],[-0.05066567  2.76814019  0.84461666  0.        ]
[4 3 1 5],[ 1.7596354  -2.33155903 -1.93220703  0.21754511]
[3 3 1 5],[-2.11661093 -0.83167081 -1.30043782 -3.3748187 ]
[6 2 2 3],[0.         4.50509012 5.63535366 1.98732613]
[0 2 5 2],[0.         6.77883364 7.92787717 7.49476298]
[0 6 5 5],[ 0.          0.         -0.2250765   0.35882096]
[2 1 5 2],[3.7103378  1.58058607 0.         0.        ]
[2 4 5 2],[0. 0. 0. 0.]
[5 3 6 6],[-0.38513263 -0.83548044  0.          0.        ]
[4 2 1 2],[0.01442381 6.09382268 8.426669   8.72533583]
[4 4 5 4],[1.07298766 1.03642255 2.315771   0.        ]
[1 1 5 5],[ 0.          0.         -0.48353834  0.        ]
[5 4 6 4],[ 0.29905088 -1.99737863  0.          0.51676637]
[5 5 6 4],[-0.85627278  0.          0.          0.        ]
[2 0 5 2],[8.39785806 3.75       5.97178108 4.1680751 ]
[3 0 4 5],[0.28497574 2.5        2.21438847 1.52645348]
[5 3 1 3],[ 4.25422842 -1.2484219  -2.65625    -2.30326219]
[1 5 3 4],[-0.82920737  3.84748939  2.54008053 -1.05383837]
[4 5 3 4],[ 0.453125   -3.86381813 -2.5        -0.76668437]
[5 6 5 6],[-0.91110475  0.         -3.0914987   0.        ]
[4 2 2 3],[3.5162556  6.32417816 6.25693633 0.3698972 ]
[4 0 5 4],[3.59458594 2.5        1.06366886 2.24198706]
[5 0 6 5],[2.06031667 3.75       0.         0.        ]
[5 3 6 5],[-2.78125  0.       0.       0.     ]
[5 5 0 6],[1.00512017 3.57058058 0.         0.        ]
[0 5 1 5],[ 2.5         0.645635   -0.86489426 -0.30967557]
[0 5 4 5],[ 0.          1.95927602 -0.99500098  0.        ]
[0 5 5 5],[2.5 0.  0.  0. ]
[3 2 3 2],[3.2632205  6.51947908 3.30159156 5.31987072]
[2 6 2 3],[5.28174009 0.         4.30793918 1.43027798]
[3 6 5 5],[-1.80466589  0.         -3.43526013  0.        ]
[3 6 4 5],[-1.3163207   0.         -1.33953373 -0.84368844]
[5 6 1 5],[-0.5928125   0.         -0.86761043 -0.78610512]
[5 4 6 3],[-1.4704758   3.39867362  0.          4.04637626]
[2 2 5 0],[4.35365    6.66470432 4.88456107 0.        ]
[1 5 1 3],[-2.34252393  2.99193452  1.94028846  4.10148298]
[4 5 1 3],[ 0.5395522   2.2120575  -0.69282756 -0.66248658]
[4 3 3 5],[ 0.125      -2.32617101 -2.19298091  1.1399632 ]
[1 3 4 5],[ 4.3288169   0.972552    0.70997267 -2.60840842]
[0 4 3 5],[0.         4.44960947 2.70146756 4.34240261]
[5 3 6 1],[-1.87151256 -1.54055996  0.         -0.33964388]
[2 2 2 0],[2.61459814 7.61019166 2.15941314 0.        ]
[5 1 1 5],[-1.21851104  0.         -0.54832997 -2.05172426]
[5 6 4 4],[-0.8701202   0.          1.28368186  0.52472692]
[5 1 3 5],[-2.5  0.   0.   0. ]
[4 1 3 5],[ 0.         -2.39149113 -2.36959574  1.33049028]
[4 4 1 5],[ 0.5558811   1.48282321  1.85284047 -1.29274291]
[4 5 4 1],[-0.41027366 -1.48857132  0.61654809 -1.93715029]
[2 6 2 2],[ 0.90323636  0.          5.15509643 -0.9190684 ]
[4 6 5 4],[ 1.41288559  0.          0.38726249 -3.72642295]
[1 5 5 0],[0.         0.         1.38471184 0.        ]
[4 5 5 0],[-2.5         0.          2.02901538  0.        ]
[1 4 3 5],[ 1.26948761  1.07399587 -3.18148029  0.85688969]
[5 0 1 5],[ 2.81425685  0.         -3.31691503  1.60543614]
[1 5 6 5],[-0.03455692  2.98213804  0.         -0.39897121]
[6 4 5 3],[ 0.         -2.42724222 -1.04698737 -2.48308742]
[6 2 2 2],[ 0.         -2.5         0.         -1.09504985]
[5 4 0 5],[ 1.72654568  0.67525676  0.         -2.83120818]
[4 2 2 6],[4.45961785 6.07953137 5.01899478 0.        ]
[2 4 2 4],[13.21102971  5.20307736  7.49175173  6.83992403]
[4 2 4 2],[6.00198875 6.01153575 0.40108653 8.43753856]
[1 5 1 4],[ 1.16252604 -0.47728314 -1.14803359  4.30124103]
[6 2 3 2],[ 0.          4.35939746 -1.09902099  6.78146252]
[2 2 6 2],[ 0.31229734 -0.25213362  0.          0.09345597]
[3 0 5 5],[0.         2.625      0.31905486 0.        ]
[3 3 5 5],[ 0.   0.  -2.5  0. ]
[3 3 4 5],[ 0.89575689 -0.85740829 -0.01369308  5.2723411 ]
[5 2 0 2],[1.63253063 2.5        0.         4.75      ]
[3 5 1 1],[ 0.63015984 -0.4433059  -1.77357623 -0.24271037]
[5 5 1 0],[ 5.57287675  1.125      -1.79811079  0.        ]
[5 3 4 3],[ 0.         -4.80341831  0.          0.        ]
[5 3 4 1],[-0.57461536 -2.66631767 -0.42198853  0.        ]
[5 3 4 4],[-1.68458876 -2.5         0.54545044  0.95633338]
[6 5 4 3],[ 0.         -3.13467814 -0.5131025   1.875     ]
[6 5 4 4],[ 0.         -1.39401933 -0.24103677 -1.37559561]
[0 3 5 3],[ 0.         -2.31504919  1.41855847  0.25902149]
[2 5 1 2],[3.33034865 0.         4.57007664 9.45244509]
[3 5 6 4],[-1.6282005   1.30180142  0.         -0.99692069]
[2 2 2 6],[2.5 0.  0.  0. ]
[5 4 1 6],[-2.64296593 -0.69337035 -3.30891042  0.        ]
[4 1 5 4],[ 0.61859564 -1.41605804  4.18748632  0.26499278]
[3 4 5 6],[-3.06282634  1.86422453 -0.94228955  0.        ]
[6 5 3 4],[ 0.         -1.73202152  2.18971704  1.27263435]
[4 4 6 5],[2.39296581 0.14488061 0.         0.65179223]
[3 1 4 5],[ 1.39282208 -2.5        -2.31383931  0.87242602]
[5 1 6 5],[-1.31765524  0.          0.          2.5       ]
[4 0 5 5],[-2.5        0.         2.2098915  0.0905801]
[2 2 1 5],[2.64963791 0.         0.         0.        ]
[5 0 5 3],[-2.5         0.          2.66349327 -2.55712421]
[2 6 5 2],[2.06629559 0.         0.         3.51241349]
[5 0 0 5],[5.51702723 2.5        2.5        5.57674481]
[3 5 6 3],[-0.48684814  0.47872941  0.         -2.82656794]
[3 3 5 6],[-0.39868076 -2.80203786 -1.83945259  0.        ]
[4 4 4 5],[ 0.3358292   1.40625    -1.22271762  0.45872253]
[2 3 2 3],[4.23126824 5.33111945 8.60320065 4.79884428]
[6 5 2 2],[0.         3.9179353  6.27350108 2.43351748]
[4 5 6 3],[-0.40912254 -2.50348942  0.         -2.90846543]
[5 3 6 3],[-1.35161374  0.87121159  0.         -1.96658739]
[5 3 6 4],[-1.25754249  1.0405542   0.          0.        ]
[5 6 6 5],[-3.32051801  0.          0.         -1.1351924 ]
[3 4 4 5],[-3.7243696   0.         -0.51523567  1.58506369]
[3 4 3 5],[ 1.47377586  1.05859781 -1.72412261  2.15287419]
[2 3 5 2],[2.5        0.         2.8601848  3.00099609]
[0 2 2 2],[0.         2.05974537 4.25543675 8.97110428]
[5 5 3 6],[0. 0. 0. 0.]
[3 6 0 5],[5.11488567 0.         1.9375     1.1016811 ]
[2 2 5 4],[2.88707427 0.         2.28132943 0.        ]
[5 1 3 3],[-0.25217309  2.14808834 -1.48869224 -0.40215154]
[5 4 3 3],[ 0.49703064 -2.00069926 -1.375       1.12441833]
[5 2 2 4],[0.         0.         2.57680279 2.5       ]
[5 4 4 4],[3.40277497 1.61679448 0.260042   3.75      ]
[5 4 4 3],[-1.13194748  2.5         0.         -3.13008052]
[4 3 4 5],[ 2.63194609 -1.85805598  2.5809825   0.69802981]
[6 4 3 5],[ 0.          0.43685319 -4.07712241  1.54191696]
[0 2 2 5],[0.         7.17316683 0.         7.55984745]
[3 2 2 6],[-1.242679    4.74698278  4.10882685  0.        ]
[5 3 3 1],[-0.62178856  1.47157465  0.53153815 -0.18811136]
[5 3 3 4],[-1.64075176 -4.06566569  0.76969284 -0.58386796]
[2 2 4 5],[ 0.          5.08765689  0.         -0.4566945 ]
[1 5 2 2],[1.46156411 5.57071315 3.24792024 2.67938247]
[3 5 0 5],[0.         1.62165842 0.         1.36306795]
[2 3 3 2],[ 4.75537678  0.7480193  -0.07356268  3.81461055]
[2 2 3 3],[6.66250606 6.81342493 2.49476316 3.35950114]
[2 2 2 3],[5.13689297 0.         2.25548389 0.27012509]
[6 1 5 5],[ 0.         -0.65625     0.34491842 -0.71908548]
[6 4 5 5],[ 0.          0.         -3.15842599  0.        ]
[5 4 4 6],[-0.26767278  0.05030324  2.39803801  0.        ]
[5 3 5 4],[ 0.     0.    -1.125  0.   ]
[3 5 4 6],[-3.29306676 -0.01024791  0.16492877  0.        ]
[5 6 5 1],[-1.15682943  0.         -2.58405077  0.        ]
[3 5 1 3],[-1.76550132  2.07077367  1.06875     3.7802339 ]
[5 1 4 3],[-0.23111898  1.78910735  0.97849802  1.41216375]
[2 0 2 5],[4.80194621 5.         4.82443205 5.74675378]
[4 5 4 3],[ 0.         -0.03374832  0.         -2.42882106]
[4 3 5 4],[ 0.29091797 -1.375      -0.02743566 -1.375     ]
[6 3 3 5],[ 0.         -1.13546578 -1.95256482 -3.42310767]
[4 3 5 3],[ 0.68126169 -5.24605266  0.          0.71703986]
[1 0 5 5],[1.25       0.         5.71491149 3.59134815]
[6 6 5 5],[ 0.          0.          1.42915809 -2.00141075]
[3 6 3 5],[-1.07663908  0.         -3.0966545  -0.31876977]
[5 5 4 0],[ 1.5597538 -1.2270441  0.         0.       ]
[2 2 0 5],[5.76938861 5.28877078 0.         4.87868581]
[5 0 5 6],[2.09620392 0.         1.10413422 0.        ]
[5 2 2 0],[7.36177217 6.38208154 9.76398985 2.5       ]
[2 2 1 2],[ 2.12349855 -0.68014982  0.95557435  0.        ]
[0 5 2 2],[0.         2.38251946 9.34034589 6.76577079]
[5 6 0 5],[0.26677715 0.         5.         1.28662011]
[3 3 5 1],[-3.04747748 -2.65672562 -3.88681449 -4.35447314]
[5 5 3 0],[-2.996883   -1.52314453  0.          0.        ]
[1 2 2 5],[ 0.          2.52574159  2.76646289 -0.04016915]
[1 5 4 5],[0.         1.07051786 0.         0.        ]
[2 5 2 1],[0.         3.68632609 2.52993681 0.        ]
[2 5 3 2],[3.27577273 0.         0.         4.3157356 ]
[4 3 5 6],[ 1.1003238  -0.6873575  -1.82823962  0.        ]
[3 5 5 4],[ 0.         -0.15562799 -3.31185175  0.        ]
[5 4 2 2],[0.         2.62337891 0.         0.        ]
[5 2 2 2],[0.42724448 0.         0.         0.        ]
[3 5 6 5],[-0.48871877 -1.1591723   0.          0.        ]
[5 0 5 4],[-0.74506937  0.          2.14660122  0.81188192]
[2 3 2 5],[ 3.44081457  0.          2.85764599 -2.5       ]
[3 5 4 1],[-3.01052983 -1.28363743 -0.07477964 -1.49324257]
[2 2 5 1],[5.78874944 6.34873864 1.74438777 0.        ]
[5 1 5 1],[1.09472361 0.         0.         0.        ]
[5 4 5 4],[0. 0. 0. 0.]
[3 5 4 3],[ 0.         -2.76703859  0.          0.        ]
[6 5 5 3],[ 0.     0.    -1.125  0.   ]
[5 1 5 0],[0.91808819 0.         1.45166967 0.        ]
[5 3 5 0],[ 0.42632233 -2.5        -0.54668487  0.        ]
[5 4 5 0],[3.47330396 1.07755771 0.89394116 0.        ]
[0 5 5 6],[0.         0.65954247 0.         0.        ]
[5 5 3 1],[0. 0. 0. 0.]
[2 2 3 2],[4.33860745 0.         0.         3.76017952]
[2 2 4 2],[-2.5         0.          0.          2.81981589]
[5 4 6 5],[-1.52050781 -2.5         0.         -1.30885512]
[4 5 4 4],[0.         4.90653533 0.32931707 2.524179  ]
[4 4 3 5],[-0.88864872  0.         -2.53139617  0.        ]
[5 3 2 2],[0.         0.         0.         5.04817541]
[5 3 1 5],[ 0.  -2.5  0.   0. ]
[5 4 1 5],[ 0.09611972  0.         -0.16751898 -0.37226441]
[0 3 5 5],[ 0.          0.         -0.91468853 -3.17674709]
[6 5 5 1],[0.         0.         0.25884526 0.        ]
[2 5 2 0],[7.83343369 4.75817521 6.99423809 0.        ]
[2 5 0 2],[5.36169009 7.26127944 2.5        7.23366934]
[5 6 3 5],[ 1.04508666  0.         -0.43380522  0.        ]
[6 5 1 5],[ 0.    -0.625  0.     0.   ]
[2 2 5 3],[1.73518843 0.         2.81478432 0.        ]
[4 2 2 5],[0.         1.50363218 0.         3.53978958]
[3 5 3 6],[ 0.          0.12126031 -2.02786166  0.        ]
[1 5 4 3],[ 1.63568337  0.97471358  0.14257244 -1.28609791]
[5 2 2 3],[0.  2.5 0.  0. ]
[5 4 3 5],[ 0.          0.          0.         -0.50911811]
[5 1 5 6],[ 0.97593532 -0.54108228  4.31611961  0.        ]
[5 1 2 2],[3.05195314 3.625      5.08012189 1.38346849]
[4 5 6 5],[0.         0.21915075 0.         0.        ]
[6 3 5 5],[ 0.          0.          0.         -0.21884004]
[4 4 5 5],[0. 0. 0. 0.]
[4 1 5 5],[0.         0.         0.         2.30969697]
[5 0 3 5],[ 0.          0.         -2.68842945 -2.52532446]
[5 3 0 5],[-1.03580107 -5.69861822  0.          0.        ]
[5 5 0 4],[-0.38493183  3.07435511  0.          0.77664777]
[5 4 5 6],[ 0.          0.         -0.88781749  0.        ]
[5 6 3 4],[-0.7769571   0.         -0.82198614  0.57775919]
[3 5 2 2],[0.         0.         2.98485367 2.191323  ]
[5 0 4 5],[ 1.2375448   0.          0.53078528 -0.4187321 ]
[1 2 2 2],[ 0.         -1.08318634  3.78870731  0.23823234]
[6 5 0 5],[0.         2.03476204 2.5        0.24268208]
[2 5 2 3],[0.         0.80531842 0.         0.        ]
[4 5 5 6],[-0.07894511  0.          0.          0.        ]
[5 3 5 6],[ 0.         -0.79851528  0.          0.        ]
[2 1 2 5],[4.32916358 0.41594397 0.         3.45396588]
[5 0 5 5],[ 0.   0.   0.  -2.5]
[5 5 0 1],[3.75791926 1.78216017 0.         0.83592232]
[1 5 5 6],[ 0.         -0.17543359 -0.57293195  0.        ]
[0 4 5 5],[ 0.          0.3354661   0.         -2.87782314]
[1 5 5 1],[ 0.          0.84672848 -0.49514728  0.        ]
[0 1 5 5],[0.         0.74548022 2.03496053 0.39523566]
[5 5 6 5],[0. 0. 0. 0.]
[1 3 5 5],[0. 0. 0. 0.]
[5 5 0 3],[ 0.      0.      0.     -1.6875]
[5 0 2 2],[ 5.40794473  0.          6.00553874 10.37704182]
[2 2 6 5],[2.5        1.95731017 0.         1.7876378 ]
[5 5 1 3],[ 0.         -2.05913887  0.         -2.5       ]
[1 5 1 5],[-2.5         0.1072041   0.         -0.97099606]
[5 5 0 5],[0. 0. 0. 0.]
[6 5 3 5],[ 0.         -0.75487819  0.          1.11736459]
[3 5 4 5],[0. 0. 0. 0.]
[5 2 3 2],[5.72729096 0.         0.         0.        ]
[5 6 5 4],[0.77096957 0.         0.         0.        ]
[4 5 2 2],[0. 0. 0. 0.]
[3 5 1 5],[0.         0.         0.         1.82680028]
[6 2 2 5],[0.         2.62030049 3.32326478 2.2697171 ]
[3 2 2 2],[0.         0.         2.91372299 0.        ]
[4 5 5 3],[0. 0. 0. 0.]
[1 5 5 3],[ 0.          0.         -0.10481181  0.        ]
[2 4 2 5],[0.         0.         0.         0.77408816]
[6 5 4 5],[ 0.          0.          0.         -2.67926688]
[5 5 3 3],[ 0.   0.   0.  -2.5]
[2 5 4 2],[2.36412225 0.         0.         0.        ]
[2 5 2 4],[3.12052268 0.         0.         0.        ]
[6 2 5 2],[0.         1.7638117  0.         5.39406694]
[5 5 4 4],[0.         1.21816468 0.         0.        ]
[1 4 5 5],[0. 0. 0. 0.]
[4 2 2 2],[ 0.          0.         -2.15132031  0.        ]
[4 5 0 5],[0.         2.96587832 0.         0.        ]
[5 5 5 0],[0. 0. 0. 0.]
[5 6 5 3],[0. 0. 0. 0.]
[4 6 5 5],[ 0.          0.         -2.41701036  0.        ]
[4 5 5 4],[0. 0. 0. 0.]
[4 5 5 1],[0.         0.49554357 0.         0.        ]
[3 5 5 1],[ 0.          0.         -0.19981143  0.        ]
[4 5 1 5],[0. 0. 0. 0.]
[4 5 4 5],[ 0.         -0.09203707  0.          0.        ]
[5 5 3 4],[ 0.         -0.46314906  0.          0.        ]
[5 3 3 3],[-3.89491732 -0.9200549   0.          0.        ]
[4 2 5 2],[0.         3.47443627 0.         0.        ]
[4 3 5 5],[ 0.          0.          0.         -0.75979667]
[3 5 5 5],[0. 0. 0. 0.]
