[0 0 0 0],[46.93163395 45.45794782 46.76962029 50.20250287]
[3 0 0 0],[41.31326152 39.2131239  40.72726585 39.45994425]
[4 0 0 0],[43.20735736 43.01189936 42.32056464 46.75527161]
[1 0 0 0],[45.93326602 43.78542202 45.63736906 47.30931053]
[5 0 0 0],[44.40598406 37.7394368  39.30421143 39.41619777]
[3 0 3 0],[30.14550715 31.23660018 33.84637359 31.15941928]
[1 0 3 0],[36.35720648 35.80638012 40.48334513 40.12474635]
[1 0 1 0],[36.57837698 41.21452848 39.34958376 42.8395899 ]
[3 0 1 0],[34.69116389 36.66975086 32.67575872 34.63707487]
[5 0 1 0],[40.62540446 23.92152573 35.59254549 16.00900911]
[0 0 1 0],[45.20167185 42.46830207 36.08107843 42.87850806]
[3 0 4 0],[41.81978558 31.39026138 39.21404591 38.16603897]
[2 0 2 0],[47.22029854 47.71040887 52.63761171 42.41867123]
[4 0 4 0],[33.93914477 37.58466125 34.23765068 35.86295093]
[1 0 4 0],[36.2725074  36.22968545 41.06333064 43.9402413 ]
[1 3 0 0],[38.90560137 41.98986898 36.05389395 40.40158257]
[3 3 0 0],[36.27072406 31.10573075 23.03375446  7.40706501]
[4 3 0 0],[36.96237308 31.98368685 35.65011917 33.18846769]
[4 3 0 3],[32.04032782 15.66176375  0.         27.11140318]
[1 3 0 3],[24.59108614 23.82862139  5.         31.70327012]
[1 3 0 1],[33.15224599 31.18744025 36.92355235 26.96192319]
[4 3 0 1],[35.97240229 29.61624138 30.72627711 28.31321051]
[4 3 0 4],[35.10514743 34.20322082 18.24698359 35.54546055]
[6 3 0 4],[ 0.         26.47479101 27.49547763 23.38209495]
[6 3 0 1],[ 0.         33.61680535 28.20850051 27.13201623]
[6 3 0 0],[ 0.         39.83050675 33.11103466 33.61558365]
[6 1 0 0],[ 0.         42.22410936 39.84809652 36.6366289 ]
[6 4 0 0],[ 0.         36.32173622 37.40771964 40.66611853]
[6 6 0 0],[ 0.          0.         32.42305018 32.12448921]
[6 6 3 0],[ 0.          0.         24.23821272 25.76481663]
[6 6 4 0],[ 0.          0.         22.43033588 24.45549084]
[6 6 4 3],[ 0.          0.         14.45442524 13.38988132]
[6 6 2 2],[ 0.          0.         28.26606686 27.34724944]
[6 6 4 1],[ 0.          0.         12.68819755 12.59863418]
[6 6 4 4],[ 0.          0.         14.20131121 14.87542309]
[6 6 1 4],[ 0.          0.         21.61904928 11.40570399]
[6 6 1 6],[0.         0.         5.60779497 0.        ]
[6 6 4 6],[ 0.          0.         10.65543882  0.        ]
[6 6 6 6],[0. 0. 0. 0.]
[0 0 0 3],[41.47085536 39.78736201 41.1365176  44.79115443]
[0 0 0 1],[44.84215327 45.15257994 46.47256711 42.76522435]
[3 0 0 1],[42.60942395 36.80341863 35.88843324 32.89239188]
[2 0 0 2],[46.85277921 43.0294108  41.15139269 49.08304729]
[1 0 0 1],[37.61412069 37.72913553 43.34957921 36.842828  ]
[4 0 0 4],[38.79772332 43.03977358 42.1873921  39.69443429]
[6 0 0 0],[ 0.         41.03843886 42.27143687 41.28803953]
[6 0 0 3],[ 0.         32.31550135 33.79670358 34.33512677]
[6 0 0 1],[ 0.         37.77291293 35.9724144  33.8230974 ]
[6 0 0 4],[ 0.         37.20943186 35.52069264 38.61173485]
[6 0 0 6],[ 0.         32.85929776 36.75679817  0.        ]
[6 0 3 6],[ 0.        25.4654278 25.8449662  0.       ]
[6 0 4 6],[ 0.         26.40266745 30.69125766  0.        ]
[6 0 1 6],[ 0.         29.24712467 26.52244753  0.        ]
[6 0 6 6],[ 0.         14.67981688  0.          0.        ]
[6 3 6 6],[0.        7.0597405 0.        0.       ]
[6 1 6 6],[ 0.        14.9993631  0.         0.       ]
[6 4 6 6],[0.         1.85375446 0.         0.        ]
[0 0 0 5],[36.6537317  36.66672726 40.48156971 42.30996706]
[0 0 0 4],[48.80874806 40.69387471 44.46342148 43.15035209]
[4 0 0 1],[38.05287303 39.65200815 36.47676075 34.91048364]
[5 0 0 1],[42.40400186 30.9107612   0.         32.25434593]
[3 0 0 6],[35.80266827 31.98913777 34.93349368  0.        ]
[4 0 0 6],[35.36498792 33.08439676 46.58571976  0.        ]
[4 0 3 0],[32.34267497 34.79612798 37.01324024 35.70425187]
[0 0 3 0],[39.88234474 38.26607389 40.65648618 40.30967454]
[0 0 4 0],[47.70340095 42.5333034  41.49384832 42.45776662]
[0 0 6 0],[42.54348333 41.58707996  0.         40.64057343]
[3 0 6 0],[30.12483696 30.72711558  0.         35.73547892]
[4 0 6 0],[33.30822265 34.39614609  0.         36.65061398]
[1 0 6 0],[35.87628576 35.5904801   0.         37.55166986]
[5 0 6 0],[30.64125456 20.09085315  0.         34.81406196]
[5 3 0 0],[38.88317123 28.56215265  0.          0.        ]
[0 3 0 0],[39.15341059 36.2614637  38.4958108  37.83517471]
[0 1 0 0],[43.04969106 39.81055671 45.00622931 42.1414803 ]
[0 4 0 0],[40.65397102 38.78134261 42.3631617  42.22776933]
[4 4 0 0],[32.75777655 37.36880075 38.97075137 32.77416435]
[1 4 0 0],[37.55708348 41.68314203 42.81093314 40.05028678]
[1 1 0 0],[39.16160436 33.06361527 40.66721003 45.71310455]
[6 1 0 3],[ 0.         26.17754358 26.5471849  29.473303  ]
[6 1 0 4],[ 0.         28.87100881 31.11781374 32.50246887]
[6 1 0 1],[ 0.         27.867171   28.80465124 27.40914703]
[6 4 0 3],[ 0.         29.29485415 26.11923138 37.17809083]
[6 4 0 4],[ 0.         28.86336236 31.66516703 32.002536  ]
[6 4 3 3],[ 0.         16.06258717 13.02074849 19.91283432]
[6 4 3 4],[ 0.         19.84849325 19.27015911 14.68877683]
[6 3 3 4],[ 0.         21.95515551  4.89358182 15.68401334]
[6 3 3 6],[ 0.         13.13121531 25.25382381  0.        ]
[6 3 4 6],[ 0.         15.40266719 20.05742238  0.        ]
[6 3 1 6],[ 0.         17.51833065 13.90920643  0.        ]
[6 1 1 6],[ 0.         19.21251512 27.56257257  0.        ]
[6 2 2 6],[ 0.         31.41204758 30.94369041  0.        ]
[6 1 4 6],[ 0.         13.63527771 21.38042899  0.        ]
[6 4 4 6],[ 0.         21.96063136 15.16111212  0.        ]
[6 5 4 6],[ 0.         11.8558508  16.66673509  0.        ]
[6 5 3 6],[ 0.         16.82686146 12.6837739   0.        ]
[6 4 3 6],[ 0.         13.70465604 12.35843774  0.        ]
[6 1 3 6],[ 0.         13.93345023 22.44274107  0.        ]
[3 1 0 0],[34.77327634 35.21972688 28.99016476 35.80503658]
[3 4 0 0],[41.73014646 31.64764463 15.19117339 26.86571172]
[3 0 0 3],[35.97153906 26.82307481 27.74613918 32.85593604]
[1 0 0 3],[37.08931378 34.55466827 41.0543987  38.52190344]
[4 0 0 3],[39.7136014  35.79547774 39.32556805 36.75114072]
[5 0 0 3],[31.2617988   5.          0.         30.95214262]
[1 0 0 4],[42.7105782  46.41737173 45.38273524 34.57204951]
[3 0 0 4],[35.65987084 32.05548933 40.79482846 34.8940817 ]
[6 0 3 0],[ 0.         33.81817952 37.82983067 33.34682217]
[6 0 1 0],[ 0.         35.26913631 36.85755889 38.04465972]
[6 0 1 3],[ 0.         28.55399313 29.32972682 26.690357  ]
[6 0 4 3],[ 0.         30.74157795 26.67477335 24.30119072]
[6 0 4 4],[ 0.         28.29073027 26.1935608  25.89385374]
[6 0 3 1],[ 0.         31.0502621  28.33700284 23.74294488]
[3 0 0 5],[31.45946267  0.          0.         37.82047   ]
[1 0 0 5],[31.02287592 23.88892821 29.39030223 38.566838  ]
[1 3 3 0],[27.85735759 20.99718692 29.45185234 11.1828684 ]
[6 3 3 0],[ 0.         32.85374202 22.44932427 20.73533146]
[6 3 4 0],[ 0.         31.0015905  25.46387869 20.83245167]
[6 3 1 0],[ 0.         33.34944329 22.80359218 23.04464933]
[6 1 3 0],[ 0.         27.32417471 30.28188124 29.55721187]
[6 6 1 0],[ 0.          0.         23.97383391 26.39004349]
[6 6 1 3],[ 0.          0.         12.47270185 11.18017019]
[6 6 1 1],[0.         0.         7.23757215 7.10294961]
[4 1 0 0],[49.26474979 37.05652073 39.97017893 40.20026871]
[1 1 3 0],[28.81865492 28.45396827 34.94771395 32.53855189]
[5 1 3 0],[30.26177215  8.23398812 -0.69458594  0.        ]
[4 1 3 0],[33.89182255 29.94763725 27.45467564 13.12695765]
[4 1 1 0],[39.038092   28.15944135 29.74671812 33.1276867 ]
[4 1 4 0],[38.65208401 31.84967448 30.53431148 35.1624357 ]
[1 1 4 0],[32.82986577 32.09408702 35.34570184 36.09051544]
[1 6 0 0],[34.17335525  0.         34.17111912 40.57580079]
[4 6 0 0],[35.09783853  0.         42.19512732 36.09013874]
[6 6 6 0],[ 0.          0.          0.         19.58054706]
[6 6 6 3],[0.         0.         0.         9.62238703]
[6 6 6 4],[0.         0.         0.         4.13092761]
[6 6 6 1],[ 0.          0.          0.         11.25628293]
[4 0 1 0],[37.56662093 39.14556688 36.87848842 39.23147938]
[5 0 4 0],[41.19552045 27.23646078 31.81503547  0.        ]
[6 0 4 0],[ 0.         37.55012735 36.82770964 37.68022263]
[6 0 1 1],[ 0.         35.62405653 30.17925507 34.99785143]
[6 0 4 1],[ 0.         28.81983511 37.83375376 27.47350264]
[3 3 0 3],[33.97091487 23.30930767  0.         15.32490557]
[6 3 0 3],[ 0.         21.19740862 19.63463006 25.87589611]
[6 1 3 3],[ 0.         15.6554397  21.82726487 16.87874812]
[6 4 4 3],[ 0.         16.23735733 18.80114316 20.44208909]
[6 4 4 4],[ 0.         22.60713834 22.89916686 22.03681455]
[6 4 4 1],[ 0.         29.56180931 19.90789732 20.26868792]
[6 4 4 5],[ 0.          0.          0.         25.21421614]
[6 1 1 1],[ 0.         23.26384466 26.27013667 25.45712741]
[6 2 2 1],[ 0.         32.08619695 31.61708857 29.7811711 ]
[6 2 2 4],[ 0.         31.76652713 34.61642296 32.90880313]
[6 4 0 1],[ 0.         34.71556941 30.06338794 29.98086033]
[6 4 0 5],[ 0.         14.87848787  0.         29.30408438]
[6 4 3 1],[ 0.         20.00369665 19.05733073 15.23619557]
[6 4 1 6],[ 0.         18.80659801 26.05379444  0.        ]
[6 3 4 4],[ 0.         25.15986487 15.14762753 17.58673523]
[6 3 1 4],[ 0.         20.64570424 16.64791682 17.74537826]
[6 3 1 1],[ 0.         24.19764649 19.17054682 21.5998949 ]
[6 3 4 1],[ 0.         24.60768911 19.20143149 19.32975979]
[6 3 5 6],[ 0.         14.4600533  19.62363807  0.        ]
[6 5 0 1],[ 0.         27.37565865 26.16448035 26.33078522]
[6 5 0 5],[ 0.          8.58324377  0.         24.49669598]
[6 0 0 5],[ 0.         23.60276611 21.61750824 33.20158105]
[6 3 0 6],[ 0.         25.82317514 23.61804122  0.        ]
[6 1 0 6],[ 0.         32.40481421 29.72291587  0.        ]
[6 0 5 6],[ 0.         31.09589184 24.44807907  0.        ]
[1 5 0 0],[34.4184502  41.46827936  0.          5.        ]
[6 5 0 0],[ 0.         33.6178648  17.35075815 22.67594966]
[6 6 5 0],[ 0.          0.         24.33320428 23.22456695]
[6 6 5 3],[ 0.          0.         20.36180772 13.22311508]
[6 6 3 6],[0.         0.         5.23925164 0.        ]
[4 5 0 0],[28.81542695 34.90392047  0.          0.        ]
[0 1 3 0],[36.51313373 33.48609693 35.50108842 27.36193826]
[0 1 1 0],[45.53600635 38.53024387 39.75275302 33.53710611]
[3 1 1 0],[38.76459392 23.86121782 20.31141867 24.31851842]
[2 1 2 0],[43.10683763 34.79302896 42.88005348  0.        ]
[2 4 2 0],[36.48590387 32.62042536 45.04243701  0.        ]
[1 4 1 0],[28.1644914  29.80747477 30.37518525 32.04928307]
[4 4 1 0],[30.54147141 33.2592705  31.17522607 34.38126248]
[1 4 4 0],[29.3505459  36.75076816 31.68701999 40.34701655]
[3 4 4 0],[37.61156343 21.96062743 24.61098694  5.        ]
[4 4 4 0],[30.40785672 33.71508957 26.491231   39.87257591]
[1 1 1 0],[34.9778857  36.6295995  35.57630159 39.37489265]
[6 1 1 0],[ 0.         29.38934466 30.4600821  35.27035319]
[6 4 1 0],[ 0.         27.61044379 23.82713583 31.47306185]
[6 4 4 0],[ 0.         30.96109457 26.99408158 30.28784496]
[6 1 4 3],[ 0.         19.48225168 17.41251464 21.9245429 ]
[6 1 4 1],[ 0.         24.40212834 25.43550099 24.89422321]
[0 0 6 3],[31.73695029 33.35820995  0.         29.23811311]
[3 0 6 3],[22.95459277 25.77314687  0.         26.37430298]
[4 0 6 3],[24.94970422 25.98277713  0.         26.29623157]
[5 0 6 3],[28.52794064  0.          0.          1.32252316]
[1 0 6 3],[26.51931308 30.21050435  0.         30.18160297]
[1 0 6 4],[27.73993539 33.40350277  0.         30.37245777]
[1 0 6 1],[31.16872899 32.15492705  0.         30.84042115]
[1 0 6 5],[22.66342959  0.          0.         30.07482182]
[6 0 6 5],[ 0.         22.2421474   0.         23.79504941]
[6 0 6 1],[ 0.         29.23784678  0.         26.59788336]
[6 3 3 1],[ 0.         15.60714537 23.89430146 15.99590965]
[1 3 0 4],[31.6243375  31.11698489 40.2618439  35.19350457]
[6 3 2 2],[ 0.         10.82340047 35.50231944 30.11165645]
[6 4 1 1],[ 0.         20.3876158  26.94317961 18.22344498]
[6 4 1 4],[ 0.         19.23164875 18.49433915 23.28193142]
[0 0 5 0],[39.02793068 37.70248448 39.48655511 38.07079098]
[6 0 6 0],[ 0.         36.17880927  0.         33.36472004]
[1 4 3 0],[29.52516598 20.87181593 32.98185744 38.10151357]
[6 1 4 0],[ 0.         27.55139559 38.25206801 31.99906716]
[6 4 3 0],[ 0.         27.59697379 31.1384462  26.97568604]
[1 1 0 3],[30.8015362  26.28174032 29.06892294 46.77127312]
[6 5 0 6],[ 0.         31.29337008  0.          0.        ]
[6 4 0 6],[ 0.         28.61141347 27.75776353  0.        ]
[6 5 6 6],[0.         2.46527209 0.         0.        ]
[0 5 0 0],[26.05627497 43.68549893 28.78015238 41.18471997]
[0 6 0 0],[40.63834741  0.         36.77089657 36.92120647]
[3 6 0 0],[33.52803697  0.         29.32494144 32.80426162]
[5 6 0 0],[32.83268712  0.          0.         10.88160859]
[4 6 0 3],[25.01102875  0.         13.13226848 23.31041537]
[4 6 0 4],[29.97577075  0.         28.67215062 32.8665236 ]
[1 6 0 3],[19.70586714  0.         28.37865644 32.42345094]
[6 6 0 3],[ 0.          0.         24.16502008 22.37648728]
[6 6 0 4],[ 0.          0.         32.34814214 23.97870435]
[6 6 0 1],[ 0.          0.         26.22253497 19.22284321]
[6 6 3 1],[ 0.          0.         13.4547322  19.14964707]
[3 3 3 0],[11.23142133 20.47615889 25.67593125  0.        ]
[4 3 3 0],[27.59254676 23.82481782 39.5115272   6.51180267]
[4 4 3 0],[28.10621248 27.42001752 29.0657464   9.61944201]
[0 4 3 0],[29.81689245 32.7166433  30.80140429 37.1933602 ]
[0 4 4 0],[42.84057178 36.7121259  34.19426126 34.54410158]
[3 4 1 0],[27.11321884 25.15071878 23.65057192  0.        ]
[3 1 4 0],[36.21006436 23.29425201 29.31646162 14.44233532]
[0 6 3 0],[25.17802571  0.         35.40236457 18.23885365]
[6 6 3 3],[ 0.          0.         15.23750405 14.13448522]
[6 6 5 6],[0.        0.        5.8983265 0.       ]
[0 1 0 3],[33.47129822 29.37862688 33.66807269 43.61630416]
[0 4 0 3],[34.00836518 34.0181628  35.31036541 38.0391588 ]
[0 1 0 1],[39.84488611 42.07354001 42.88130614 36.67740126]
[0 4 0 1],[36.81285469 37.26919125 45.51601764 42.72618562]
[3 1 0 1],[30.38810402 27.50106286 23.70796977 26.47732798]
[1 1 0 1],[28.31796187 30.37009387 36.0080285  38.59898902]
[1 1 0 4],[30.7412624  32.32121825 37.85477823 34.01325089]
[6 6 0 6],[ 0.          0.         19.23020764  0.        ]
[4 3 0 6],[19.92571107 26.52741736 19.78664253  0.        ]
[3 3 0 6],[17.75581227 20.21508256  0.          0.        ]
[1 3 0 6],[20.37813814 28.84481379 26.68805257  0.        ]
[6 0 3 3],[ 0.         23.70133982 34.05146391 21.99518599]
[6 0 3 5],[ 0.         13.18037229 18.30933383 27.39375545]
[6 0 3 4],[ 0.         27.55668186 22.03221232 26.2171962 ]
[6 3 3 3],[ 0.         15.70194006 11.75980759 15.28785981]
[6 3 5 1],[ 0.          6.7354754  24.11253528 18.13484597]
[6 5 1 6],[ 0.         20.93801348 18.14116847  0.        ]
[6 6 0 5],[ 0.          0.          0.         23.41412465]
[6 1 3 1],[ 0.         17.68409394 17.11341273 29.14115712]
[6 4 6 1],[ 0.         26.98390735  0.         18.18780876]
[1 4 0 1],[30.3535072  32.37058144 37.76743529 28.4284692 ]
[5 1 0 0],[36.20541675 32.38501788 15.09702646  0.        ]
[1 0 3 1],[30.56147847 31.08107728 37.21882802 30.22801461]
[1 0 3 4],[29.34814568 37.27940531 29.22042811 33.42426815]
[4 0 3 1],[24.55553355 28.1199119  26.1640847  25.1593628 ]
[4 0 3 4],[32.65783873 28.32735847 29.24664055 30.87243101]
[5 0 3 4],[33.22870769 13.27093636 21.41714812 14.55066994]
[5 0 3 0],[31.85450581  5.         28.04736632  0.        ]
[6 0 5 0],[ 0.         22.47392571 34.6298483  27.05244203]
[1 0 0 6],[36.06853202 35.7994579  38.49380877  0.        ]
[5 0 0 6],[36.7724676  22.14816381 19.93559056  0.        ]
[3 1 0 6],[32.12727169 33.44476884 28.04919659  0.        ]
[1 1 0 6],[30.68332626 36.15195018 34.54643626  0.        ]
[1 4 0 6],[21.57311939 28.8402481  34.28148762  0.        ]
[3 0 3 1],[28.39751757 25.28663512 36.76347405 21.60949676]
[1 0 1 1],[32.1695525  39.0916854  37.22313334 34.66939415]
[4 0 1 1],[33.47823622 37.00516195 30.47302206 32.87409187]
[4 0 4 4],[37.88376547 33.70532114 29.32138877 28.45860656]
[6 3 6 0],[ 0.         26.95755992  0.         22.36331902]
[6 1 6 0],[ 0.         33.53042365  0.         27.63310996]
[6 4 6 0],[ 0.         27.16142541  0.         27.92080943]
[6 5 6 0],[ 0.         25.00355984  0.         21.83505805]
[6 1 6 3],[ 0.         14.13335741  0.         14.77653158]
[6 1 6 1],[ 0.         17.29611425  0.         23.72821857]
[4 0 0 5],[30.72882724  0.         22.68855006 37.83424204]
[0 0 3 1],[36.57470865 40.06137826 35.33028714 31.05755636]
[0 0 3 6],[33.36605318 33.11094457 35.5407205   0.        ]
[0 3 3 6],[21.93801822 21.32095258 25.88826038  0.        ]
[0 3 4 6],[14.82298528 35.2991851  24.56642444  0.        ]
[0 3 5 6],[ 0.          0.         18.83758698  0.        ]
[0 3 1 6],[27.07192521 29.03699208 25.91547746  0.        ]
[3 3 1 6],[22.49290496 16.05728418 18.84666077  0.        ]
[3 3 4 6],[16.82227312 15.7286497  16.66521187  0.        ]
[1 3 4 6],[19.00187575 26.20039562 20.25618057  0.        ]
[4 3 4 6],[15.48930896 22.98915331 19.91070116  0.        ]
[1 3 1 6],[21.09069322 17.17853085 31.17442982  0.        ]
[4 3 1 6],[12.94232667 30.34061298 15.70108308  0.        ]
[1 3 3 6],[17.16481402 17.14069312 26.04867319  0.        ]
[1 4 3 6],[18.77378165 21.02511839 23.3816134   0.        ]
[3 4 0 6],[38.18660547 20.7294007  12.02377146  0.        ]
[5 1 0 6],[29.80041541 25.24067378  7.28099668  0.        ]
[4 4 0 6],[37.7467576  33.51686974 26.67737579  0.        ]
[4 1 0 6],[23.67752264 36.82603019 30.73585422  0.        ]
[0 4 0 6],[34.20717214 33.90347826 37.12558509  0.        ]
[2 2 0 6],[41.87761132 41.27400369 15.5005547   0.        ]
[1 1 3 6],[19.62568344 17.36381495 21.15461198  0.        ]
[4 1 3 6],[21.40337653 19.19040242 26.2468869   0.        ]
[4 4 3 6],[16.66226201 21.2421192  13.8170312   0.        ]
[4 3 3 6],[20.2244196   0.          7.86922365  0.        ]
[1 1 1 6],[17.68885488 17.92198733 18.29049123  0.        ]
[1 4 1 6],[19.46429021 19.73527925 23.3473792   0.        ]
[1 4 4 6],[23.46404253 26.11188944 21.93800139  0.        ]
[1 1 4 6],[20.02524551 23.43978392 21.57480918  0.        ]
[3 0 3 4],[32.44775233 21.52268194 27.64218859 27.02039117]
[3 3 3 1],[-3.75       14.11560455 21.51773403 14.32785517]
[4 3 3 1],[18.6900625  21.19360474 19.03859597 18.05032048]
[1 3 3 1],[21.07892525 19.89778536 41.10219646 21.79867531]
[3 4 3 1],[21.56354785 21.3967342  29.05205014 29.72153759]
[1 4 3 1],[21.84974262 24.73013891 25.19905206 15.43911603]
[6 1 3 4],[ 0.         17.44117252 19.98941252 19.09763202]
[6 0 1 4],[ 0.         30.14465214 27.7863782  29.73030989]
[2 2 0 0],[45.09024908 46.00009402  0.         32.65722672]
[3 3 1 0],[31.01746314 24.48112623 19.83332832  0.        ]
[3 3 4 0],[22.90588102 28.8209648  16.14677221 14.86142966]
[0 3 4 0],[33.33508939 37.96875988 32.03981578 27.97079673]
[0 0 6 1],[40.417137   35.82951738  0.         32.52669407]
[0 0 6 4],[34.74060439 33.65076933  0.         33.95132136]
[3 0 6 4],[31.29807631 19.95368264  0.         31.46895675]
[4 0 6 4],[27.93298783 34.74389418  0.         26.8630794 ]
[3 0 6 1],[26.63780388 30.73693875  0.         28.10218017]
[5 0 6 4],[27.17408352 13.79672851  0.         33.54492736]
[4 0 6 1],[31.67679601 32.88401548  0.         29.27869094]
[6 0 6 4],[ 0.         34.96924656  0.         31.32354214]
[3 3 0 4],[37.72436664 21.9360597   0.         11.34245944]
[1 4 0 4],[29.9964366  32.15769907 31.59416016 29.87176498]
[1 4 0 3],[17.83990134 27.08851404 25.20354155 30.48224105]
[6 1 5 6],[ 0.         13.85708001 15.70794096  0.        ]
[0 0 1 3],[34.45953761 35.61644835 38.98932573 29.87026018]
[0 0 1 1],[44.77190528 38.36639817 34.76161339 41.51412171]
[0 0 4 3],[33.94371214 35.55407415 33.00639049 35.44498355]
[0 0 4 5],[27.89235238 17.41345521 35.8460301  37.00452141]
[0 0 4 4],[42.24986704 39.36965064 35.24237027 40.7186673 ]
[0 0 0 6],[46.78291397 41.52979221 40.4177821   0.        ]
[0 0 1 6],[38.48389396 36.50070526 35.02580563  0.        ]
[0 0 4 6],[45.51653077 34.95742951 38.88392614  0.        ]
[0 0 6 6],[31.49888403 35.48276717  0.          0.        ]
[3 0 5 0],[29.32499409  0.         34.37982451  0.        ]
[1 0 5 0],[29.14793413 25.36634434 45.92381837 22.79383367]
[5 4 0 0],[34.6898833  27.50094519  0.          7.70567851]
[6 6 5 1],[ 0.          0.         15.93249447 23.39519041]
[1 6 0 1],[33.11197601  0.         32.48774838 29.88219092]
[6 3 0 5],[ 0.          0.          8.86719016 23.9909386 ]
[3 1 3 0],[29.24092021 26.79127475 27.11383959  0.        ]
[1 6 3 3],[ 9.03408135  0.         20.01071901 16.55497354]
[4 6 3 3],[ 4.52421329  0.         -2.5        19.96609026]
[0 6 3 3],[ 7.5         0.         23.13154887 29.3808414 ]
[3 6 3 3],[ 4.80077409  0.          0.         15.07052263]
[2 6 3 2],[22.64645373  0.          0.          0.        ]
[1 6 3 4],[17.31744758  0.         18.34053903 16.43930714]
[3 6 3 4],[ 7.75355497  0.         19.25657873  1.64671418]
[3 6 3 1],[23.01371822  0.         15.16407933 18.53845987]
[1 6 3 1],[15.28708956  0.         18.96891566 15.74271604]
[5 6 3 1],[16.31382243  0.          0.         11.22600343]
[5 6 3 3],[-0.25  0.    0.    0.  ]
[4 6 3 1],[17.86004982  0.         18.52441437 18.61458123]
[4 6 3 4],[14.17126819  0.          0.         19.77784176]
[6 6 3 4],[ 0.          0.         21.73370343 14.60370288]
[6 6 6 5],[0.         0.         0.         2.90289904]
[1 1 4 3],[21.88672148 22.49417965 20.98607407 26.72911706]
[4 1 4 3],[11.67324379 20.88651608 15.36931615 28.56448986]
[6 3 6 1],[ 0.         14.68070579  0.         23.22552167]
[0 3 1 0],[34.33447163 36.08649541 32.06741472 34.66948525]
[4 3 1 0],[29.92344734 30.12421606 26.79021875 23.1642245 ]
[1 3 1 0],[31.20093917 31.6479287  31.55137584 32.16234405]
[1 3 4 0],[27.00322426 31.24528316 25.25470833 23.26639084]
[2 3 2 0],[44.83083697 15.31863535  0.          0.        ]
[6 4 6 3],[ 0.         15.14394557  0.         19.8504068 ]
[6 4 6 4],[ 0.         19.55415365  0.         21.79380439]
[5 0 0 4],[38.50203122  0.          0.         32.93195054]
[3 3 0 1],[32.88435637 26.38099383 25.14657527 18.69527285]
[0 3 0 1],[35.75156664 39.3270656  35.64747604 34.34290226]
[0 3 0 4],[26.257871   35.14893941 32.00755888 25.74795326]
[0 3 0 3],[31.1517256  31.18208097  5.         29.35619475]
[0 3 3 3],[11.15908615 10.93243361  0.         25.79839071]
[0 3 1 3],[14.08776133 19.14816559 26.8040578  28.80545019]
[0 2 2 0],[ 0.         45.50063618 42.851233   35.03470831]
[0 4 1 0],[37.09880386 40.58926131 35.37863371 37.18280925]
[6 2 0 2],[ 0.         38.60244142 28.0422599  51.77541881]
[6 1 0 5],[ 0.         23.78174214 16.73713107 33.10484557]
[6 4 5 6],[ 0.         13.31266146 16.40462743  0.        ]
[6 6 4 5],[ 0.          0.          9.39440334 13.84937541]
[5 3 6 0],[26.77645073  2.5         0.          0.        ]
[5 4 6 0],[26.55241828 18.8464409   0.          0.        ]
[4 4 6 0],[33.02994056 26.47160247  0.         23.36383901]
[1 4 6 0],[25.33316893 23.25881934  0.         27.64952382]
[1 1 6 0],[37.70064137 24.46761215  0.         26.43883379]
[3 1 6 0],[23.99337835 20.74604107  0.         27.6127221 ]
[6 1 6 5],[ 0.         12.23194747  0.         18.41200038]
[6 4 6 5],[ 0.         11.75084683  0.         18.42467302]
[6 1 6 4],[ 0.         23.235765    0.         21.75331919]
[4 0 1 4],[33.36516371 33.87118706 32.37785498 36.64378627]
[2 0 1 2],[39.36334343 22.93693533 37.52041383 46.84688456]
[4 0 4 1],[28.92715921 30.05897754 29.72244569 43.73743099]
[6 2 6 2],[ 0.         30.50821008  0.         36.85890466]
[6 0 6 3],[ 0.         25.8567253   0.         26.05470331]
[6 3 6 4],[ 0.         21.05328781  0.         18.37510626]
[6 5 6 1],[ 0.         19.71738459  0.         13.54709639]
[4 1 0 3],[28.12044234 27.64071702 12.57978636 33.25050574]
[4 4 0 3],[27.73303996 12.96482938 10.53082634 27.03762801]
[6 5 0 3],[ 0.         25.65568014  0.         -2.5       ]
[6 5 0 4],[ 0.         28.8190746   0.         29.56917511]
[6 1 3 5],[ 0.          6.09657366  0.         25.14412846]
[6 1 1 3],[ 0.         22.66215676 18.74934261 24.89801879]
[6 1 4 4],[ 0.         21.08444984 24.16927613 21.39832426]
[5 5 0 0],[31.2185991  0.         0.         0.       ]
[1 5 0 3],[26.67322685 27.73672234  0.          0.        ]
[3 5 0 3],[12.42082221  7.1702226   0.          0.        ]
[6 0 2 2],[ 0.         16.84843617 49.14559564 44.24278222]
[6 0 1 5],[ 0.         16.92777695 26.04903693 30.07811823]
[6 3 5 3],[ 0.         15.77737117  0.          4.1370752 ]
[0 1 4 0],[43.19040524 32.8035152  38.90435185 38.65320628]
[3 6 1 0],[21.1183104   0.         21.01508807 22.20589991]
[3 6 3 0],[25.95841063  0.         20.5926504   8.75      ]
[4 6 3 0],[27.42523488  0.         24.18094844  0.        ]
[3 6 1 1],[20.13406645  0.         15.92229325 20.1494644 ]
[3 6 4 1],[37.67448141  0.         17.40251053 13.64150847]
[1 6 4 1],[19.37650662  0.         19.18225604 20.8983458 ]
[1 6 1 1],[17.60005824  0.         17.84694559 18.28539125]
[1 6 1 4],[19.13253824  0.         15.45492531 19.37001868]
[5 6 1 4],[16.70434317  0.          0.          0.        ]
[0 6 4 1],[31.29621965  0.         30.15516001 29.26528705]
[0 6 0 1],[36.86594172  0.         39.18016073 43.68115346]
[0 6 0 3],[24.57706872  0.         22.59080099 26.300916  ]
[0 6 0 4],[33.51918684  0.         32.00878007 33.94077658]
[3 6 0 1],[31.66478127  0.         29.99155675 25.58578469]
[4 6 0 1],[28.27783978  0.         32.62369872 44.20223435]
[3 6 0 4],[26.75804171  0.          7.43734379 24.4278739 ]
[0 0 3 4],[29.67491907 35.38269658 32.75531378 29.77046285]
[0 0 4 1],[38.40841687 43.28225602 42.62854011 35.50914802]
[0 0 1 4],[37.08329588 36.28354729 33.08317577 39.39934219]
[0 3 6 6],[20.82400854 26.89812509  0.          0.        ]
[0 1 6 6],[28.64871993 21.62855798  0.          0.        ]
[0 5 6 6],[16.94077494 21.26055479  0.          0.        ]
[0 4 6 6],[25.32605773 24.01316988  0.          0.        ]
[3 1 6 6],[17.65816972  9.89005481  0.          0.        ]
[4 1 6 6],[21.03647001 23.57634578  0.          0.        ]
[5 1 6 6],[15.25508588 13.35316747  0.          0.        ]
[1 1 6 6],[23.60967591 16.53488474  0.          0.        ]
[0 0 5 6],[23.21554427  0.         35.06098562  0.        ]
[3 0 5 6],[28.01935582  0.          0.          0.        ]
[1 0 5 6],[22.93544714 20.69909055 27.05591423  0.        ]
[4 0 5 6],[22.90477396  0.         30.94087026  0.        ]
[1 0 1 6],[27.8449596  32.47534134 28.27029852  0.        ]
[1 0 4 6],[26.69508723 31.52800949 24.29915486  0.        ]
[4 0 1 6],[34.36267249 28.22762982 28.96901175  0.        ]
[3 5 3 0],[12.34309712  0.          0.          0.        ]
[1 5 3 0],[ 0.         28.20358827 15.74262782  0.        ]
[4 5 3 0],[16.3443585  26.62168693 12.18908281  0.        ]
[6 5 3 0],[ 0.         26.77781185 14.13482641  7.5       ]
[6 5 1 0],[ 0.         32.20085403 25.73411054  7.5       ]
[6 5 1 3],[ 0.          0.          8.37403817 19.82987686]
[6 5 4 3],[0.         0.         0.         7.23835031]
[6 5 4 1],[ 0.         27.14155733 10.97546012  9.18499313]
[4 0 1 3],[29.95456993 27.95852841 28.30147349 32.22135766]
[3 0 1 3],[25.69469102 25.91109656 23.65994054 25.44595439]
[1 0 1 3],[26.83882288 33.59173819 29.09845073 36.00147744]
[6 0 5 3],[ 0.          0.         26.47578267 25.47607021]
[6 0 5 1],[ 0.          0.         31.12423335 23.0635027 ]
[6 0 5 4],[ 0.          5.         24.87013612 24.91861832]
[0 0 3 3],[34.86603468 27.57207531 29.09073254 31.75726773]
[3 0 3 3],[29.01065372 11.15908615 23.55935797 25.34296548]
[1 0 3 3],[23.43624539 19.49267189 27.62687999 34.47765591]
[3 4 6 6],[12.69421038 26.33205929  0.          0.        ]
[3 0 6 6],[20.71309396 22.32841084  0.          0.        ]
[1 0 6 6],[29.72819353 23.06547363  0.          0.        ]
[4 0 6 6],[28.23628037 22.78811213  0.          0.        ]
[0 6 6 6],[20.40157386  0.          0.          0.        ]
[3 6 6 6],[12.0832027  0.         0.         0.       ]
[1 6 6 6],[14.48293413  0.          0.          0.        ]
[4 6 6 6],[15.33873316  0.          0.          0.        ]
[3 4 3 0],[32.72321365 14.57844958  6.50112701  0.        ]
[4 4 4 3],[28.23263079  6.24558906 21.6062032  24.45590591]
[4 0 4 3],[25.87663144 19.73463501 26.17307598 37.08078519]
[1 0 4 3],[34.73688505 29.97913322 30.45460811 32.65418335]
[1 0 4 4],[28.99246605 32.83972104 29.82859226 32.7952516 ]
[6 6 3 5],[ 0.          0.          9.0884754  12.12525409]
[4 0 3 3],[29.84788164 17.2355688  25.71653891 23.75953541]
[5 0 3 3],[-2.5         0.          0.         22.83349099]
[0 0 1 5],[21.41791973 10.21321291 30.10113078 36.3253279 ]
[3 0 4 5],[29.6939549  0.         0.        21.3762787]
[1 0 4 5],[ 6.56174726  0.         24.83359865 30.93864966]
[4 0 4 5],[21.66570119  0.         32.81978739 42.50943162]
[1 0 1 5],[24.64471244 23.13534037 26.19421419 30.82857567]
[4 0 1 5],[30.3537026  12.8243967  24.60527186 25.50027079]
[1 0 1 4],[35.43004313 32.6102419  33.80244145 36.82944493]
[1 0 4 1],[34.02725042 33.47241771 33.09799839 33.21325681]
[1 0 5 4],[27.16806574  0.         26.3713108  30.86205476]
[1 0 5 1],[27.58371153 19.77616162 35.54083993 24.63072463]
[4 0 5 0],[31.36421067  5.         36.61563359 16.03511878]
[1 0 2 2],[40.75717287 27.70857142 39.93235522 49.89566978]
[6 4 2 2],[ 0.         20.32991459 33.65163589 17.65425169]
[3 3 6 6],[10.10360126 17.20716084  0.          0.        ]
[1 3 6 6],[12.66657833 12.44098433  0.          0.        ]
[5 3 6 6],[12.99540881  6.77322185  0.          0.        ]
[4 4 6 6],[12.16147177 12.96260537  0.          0.        ]
[1 6 0 4],[29.42522083  0.         28.13165959 36.71182645]
[3 3 1 1],[18.58034247 39.7893433  19.44902402 17.50785008]
[3 3 4 1],[20.59848497 21.3824296  25.4496634  11.13761256]
[0 4 0 4],[35.74834175 38.92570044 37.21752089 33.95383829]
[3 4 0 1],[30.20389026 29.46335981 13.82717724 26.39175231]
[4 4 0 1],[30.93947722 30.57744786 33.53176367 30.85652954]
[0 1 0 4],[41.76578891 31.23073263 35.98636508 38.55158453]
[0 1 0 5],[ 7.5        30.86726937  0.         35.26249489]
[3 1 0 5],[21.49860577  0.          0.          0.        ]
[1 1 0 5],[23.58006081 23.58983425 15.87483911 43.42230568]
[2 2 0 1],[45.8138265  39.06607265 19.86885059 34.4199603 ]
[3 6 0 3],[23.52834442  0.         14.15809452 23.01286117]
[0 6 1 0],[31.56453192  0.         40.47747761 38.76320929]
[0 6 4 0],[32.2121485   0.         33.98040074 36.58121631]
[0 6 6 0],[33.06948995  0.          0.         31.54933872]
[3 6 6 0],[25.4096998   0.          0.         25.62371714]
[1 6 6 0],[25.30699254  0.          0.         23.63745723]
[4 6 6 0],[25.04413521  0.          0.         26.60255574]
[5 6 6 0],[20.17520933  0.          0.         10.99062108]
[4 6 6 3],[10.82585857  0.          0.         13.95940217]
[1 6 6 3],[16.56431935  0.          0.         21.27295768]
[4 6 6 1],[24.11299806  0.          0.         15.03071416]
[1 6 6 1],[16.37854742  0.          0.         15.69872013]
[1 6 6 4],[12.92990537  0.          0.         21.67580199]
[4 6 6 4],[15.28032353  0.          0.         26.50643226]
[3 6 6 3],[10.93567232  0.          0.         24.07734482]
[4 3 6 6],[11.94882082 20.85060943  0.          0.        ]
[1 4 6 6],[11.89295888 20.07392362  0.          0.        ]
[2 2 6 6],[25.53086149 34.11290169  0.          0.        ]
[0 3 0 6],[31.9437135  35.78580836 34.1833558   0.        ]
[0 1 0 6],[37.81766879 36.54647446 34.97336651  0.        ]
[5 3 0 6],[25.79952171 -2.5         0.          0.        ]
[5 5 0 6],[-2.5        17.10699497  0.          0.        ]
[4 5 0 6],[12.64517864 26.61716512  0.          0.        ]
[1 5 0 6],[25.46050807 26.86337618 15.22870786  0.        ]
[1 5 3 6],[-2.5        19.03637486  0.          0.        ]
[1 0 3 6],[25.26500375 29.11287382 28.24432037  0.        ]
[1 3 3 4],[11.2014933  22.24152387 18.69523823 22.35959876]
[6 5 3 3],[0.         0.         8.50563693 6.03494978]
[6 5 3 1],[ 0.         19.17516997 12.56418178  1.16167975]
[6 3 4 5],[ 0.          9.69858135 17.20122179 18.43513884]
[6 3 1 5],[ 0.         15.88700636  0.         23.92569817]
[6 1 1 5],[ 0.         23.47717228 17.83393614 29.16643325]
[6 4 1 5],[ 0.         18.38628559 12.93773999 21.09573889]
[3 3 5 0],[10.01351428 -2.5         9.91335164  0.        ]
[1 3 5 0],[-2.5        24.18332492  0.          0.        ]
[4 3 5 0],[ 0.        22.9939802  0.         0.       ]
[0 3 5 0],[ 5.         28.24666658 34.09992126  0.        ]
[3 4 4 3],[ 3.61703242  9.18114898  0.         11.60374853]
[1 4 4 3],[17.25557054  0.         11.44155192 36.66431018]
[3 1 4 3],[15.73368607 -2.5        17.13403857 25.44920592]
[4 1 4 1],[34.01110954 28.05595676 24.16494366 23.35396428]
[1 1 4 1],[20.85527349 20.32636792 26.54503804 20.30386667]
[1 1 1 1],[17.61171085 19.47631972 18.31660652 19.79026827]
[1 1 1 4],[20.36026489 20.61401578 20.73201101 21.35025643]
[6 1 1 4],[ 0.         23.216378   18.88502002 23.83521571]
[6 2 2 0],[ 0.         44.52183539 37.69630884  0.        ]
[3 0 1 1],[35.58757685 34.27382431 27.88565017 37.34690687]
[6 3 4 3],[ 0.         18.52309287 25.05391769 17.22760658]
[2 3 0 2],[35.3418012  26.14024618  0.         33.89417718]
[5 3 0 4],[22.71120125  0.         10.77093636  3.4941683 ]
[6 1 5 0],[ 0.         33.7562687  30.93504945 18.42794935]
[6 4 5 0],[ 0.         21.35492397 29.05420455 13.48948007]
[6 5 1 4],[ 0.         24.0430537  16.62509332 14.36577732]
[6 5 1 1],[ 0.         19.06066672 20.38682377 15.88458544]
[6 0 4 5],[ 0.          0.         20.01338563 28.91254918]
[6 3 5 4],[ 0.          0.          0.         17.77464791]
[6 1 5 4],[ 0.         18.38998408 20.0516411  22.85425483]
[6 1 5 1],[ 0.         25.37311353 25.40764782 24.3793672 ]
[3 1 3 1],[26.24434578 20.65148269 19.55699417 21.04151774]
[1 1 3 1],[20.7648434  19.75278036 27.61897511 22.53953895]
[1 1 3 4],[25.33166448 24.47361345 24.09863163 24.87623832]
[1 3 3 3],[11.88130257 22.5777993  -2.5        17.41666766]
[1 3 4 3],[18.46785063 22.72692992 -2.5        19.77972097]
[1 2 2 3],[ 0.         21.70774706 17.43017251 35.76772786]
[1 2 2 2],[-2.5        -2.5         0.         14.49878768]
[1 5 2 2],[0. 0. 0. 5.]
[1 5 4 1],[15.90764147 11.15730501 22.8334199   0.        ]
[1 5 1 1],[20.01727334 26.7460596  18.52324709 17.30586642]
[4 1 1 6],[20.0541166  17.74088189 19.47994655  0.        ]
[3 0 1 6],[28.80471082 31.39714463 25.40254808  0.        ]
[3 1 1 6],[21.16502142 17.58723442 20.04075678  0.        ]
[4 4 1 6],[19.98572505 28.09645258 17.98815066  0.        ]
[3 4 1 6],[27.22749868 16.85742528 15.41978116  0.        ]
[5 6 0 3],[27.03096522  0.          0.          0.        ]
[6 6 1 5],[ 0.          0.          7.1223901  15.41477637]
[5 1 0 4],[23.55739999 26.87273197  7.02048457  0.        ]
[4 1 0 4],[40.85093712 29.98522165 20.46498385 30.81395078]
[3 1 0 4],[34.47880956 33.17511651  0.         29.02675044]
[4 1 0 1],[30.62271935 30.19126829 33.56628023 31.67360149]
[4 1 3 1],[17.43955022 19.18091244 17.80080266 19.84784661]
[4 1 3 4],[13.78086821 14.00315723 29.70104205  8.02539505]
[3 1 3 4],[28.98946477 14.82059576  0.          0.        ]
[1 1 3 3],[18.32030295 23.02131819 17.3653022  23.02892334]
[5 4 3 0],[28.19977436  0.          0.          0.        ]
[2 2 3 0],[38.13803114  0.         26.84443966  0.        ]
[0 3 3 0],[13.76921602 26.4337448  28.76031126 32.27589341]
[0 4 6 0],[36.04615835 35.21299001  0.         34.92285844]
[0 1 6 0],[35.3902972  35.20074239  0.         38.92503043]
[4 1 6 0],[26.37112381 22.42282171  0.         28.04967405]
[5 0 3 1],[37.13960089 16.07684885 21.02953151 19.37724107]
[4 0 2 2],[30.02512849  0.         44.29689645 44.2579539 ]
[3 0 2 2],[36.15902461  0.         41.33418485 37.37692199]
[0 6 1 3],[15.77544912  0.         26.92881592 26.8799785 ]
[0 6 1 1],[30.55513373  0.         25.80464895 32.44115378]
[0 6 1 4],[36.80541649  0.         27.11891038 27.38877232]
[1 3 6 4],[19.87386712 21.06249276  0.         25.17751961]
[4 3 6 4],[17.49075188 22.1987545   0.         17.23791352]
[4 3 6 1],[22.26811291 16.99187853  0.         16.47158298]
[4 3 6 3],[15.59676355 19.65573865  0.         11.26080171]
[1 3 6 3],[10.84270414 19.69148001  0.         16.80380202]
[3 3 6 3],[15.50603425 -0.13177157  0.         20.44288215]
[1 6 0 5],[24.16131636  0.          0.         27.80238719]
[0 1 5 0],[21.2472477  30.22927213 39.003807   24.3015449 ]
[6 3 1 3],[ 0.         16.19543507 18.60446502 23.65721958]
[1 3 6 1],[22.2391252  24.02931149  0.         21.17403617]
[0 3 6 3],[23.61391811 30.83320431  0.         30.02236139]
[0 3 6 1],[17.00202561 28.35754687  0.         23.3020741 ]
[0 1 6 1],[32.39030387 26.91044236  0.         35.04366296]
[0 4 6 4],[23.57698432 22.19078597  0.         28.07286569]
[3 4 6 4],[14.94786443 12.51577592  0.         14.20576156]
[3 1 6 4],[21.37436987 16.19880493  0.         28.98494225]
[2 2 6 4],[34.67064356  0.          0.         15.51104996]
[2 2 6 1],[29.83314529 37.2297812   0.         22.69776994]
[1 1 6 1],[20.10762083 20.74827939  0.         18.81062779]
[3 1 6 1],[25.26319172 19.9156956   0.         19.79166461]
[2 1 6 2],[33.02461659 23.7998959   0.         26.43239655]
[2 4 6 2],[34.99794804  0.          0.          0.        ]
[1 4 6 1],[17.69745097 18.50869631  0.         28.27803815]
[6 6 5 4],[ 0.          0.         15.90213969 24.77978546]
[1 6 3 0],[24.24298174  0.         31.26205339 22.41597159]
[1 6 4 0],[36.87808325  0.         23.69690814 40.00995653]
[4 6 1 0],[32.09245064  0.         27.99575454 34.58585123]
[1 6 1 0],[25.5144614   0.         25.52278521 27.02856278]
[5 3 0 3],[18.84058077 10.65699304  0.         10.39762513]
[3 1 3 6],[15.38389373 16.77463506 14.26962271  0.        ]
[2 2 3 6],[29.90440955 20.74560285 15.91657908  0.        ]
[4 4 4 6],[21.53426047 21.27374058 17.8310527   0.        ]
[6 3 6 3],[ 0.         16.47454359  0.         13.38057596]
[1 0 3 5],[ 9.38994485 12.01986301 17.30429044 29.22409278]
[6 5 6 4],[ 0.         13.17117234  0.         13.05270136]
[3 3 4 3],[16.35873258  7.37055984  9.02902781  0.        ]
[2 3 2 3],[28.8663081  0.         0.         0.       ]
[1 3 1 3],[22.7294368  24.63743196 16.22143941 19.15643734]
[3 3 1 3],[27.10687104 13.64645752  0.          0.        ]
[3 4 1 3],[14.87338675 26.30537909 18.80037935  0.        ]
[1 4 1 3],[15.44628598 22.06461741 19.57491082 23.29492701]
[1 1 1 3],[20.88320637 20.94285193 21.396164   17.19182641]
[5 1 1 3],[18.95808105  0.          0.          0.        ]
[5 1 4 3],[7.07222111 3.1824995  0.         0.        ]
[2 2 4 3],[27.90448599  0.          7.54475894  0.        ]
[2 2 0 3],[39.67706651  0.          5.         19.31173832]
[3 1 0 3],[28.29913953 28.53100635 13.24589095 27.44946413]
[3 4 0 3],[29.02327529  0.          0.          8.95900246]
[3 0 3 6],[28.846643   12.90156467 25.21682013  0.        ]
[4 0 3 6],[22.53928951 25.05626571 34.72194949  0.        ]
[4 0 4 6],[33.66987466 39.59461754 28.3633238   0.        ]
[1 2 2 6],[30.68940984 40.50456955 27.79660481  0.        ]
[4 3 4 0],[25.22403404 32.99150314 24.05835501 10.12993054]
[0 0 6 5],[17.37971798 15.82134742  0.         32.95288524]
[5 0 6 6],[25.51528216 20.72808145  0.          0.        ]
[0 3 6 0],[32.139597   30.30461377  0.         33.10679399]
[2 0 3 2],[45.43790204 12.98660194 36.46072688 33.95689273]
[0 3 6 4],[ 0.         29.04420909  0.         20.55824648]
[1 1 6 3],[15.59333843 16.64296597  0.         28.47110859]
[1 4 6 3],[16.84390794 16.90876271  0.         17.51489722]
[1 4 6 4],[20.33726797 17.81272372  0.         17.0884159 ]
[1 4 6 5],[10.98266022 13.30609326  0.         20.06910907]
[4 1 6 3],[15.87731721 16.20929165  0.         22.23809676]
[5 4 0 3],[22.57733881  0.          0.          0.        ]
[5 1 0 1],[35.1155478  27.16092725 22.18674718 31.14074134]
[5 0 2 2],[ 0.          0.          0.         28.68952304]
[0 0 2 2],[48.08680099 20.69632399 48.41116252 50.15802837]
[5 0 1 3],[29.70771299  0.          0.         17.91028537]
[5 1 1 0],[27.25182436 18.7618389  27.2902684  19.62995135]
[5 1 4 0],[32.2926417  17.41031837 23.09471208  8.1824995 ]
[6 4 1 3],[ 0.         17.15123285 18.73902041 20.80128079]
[6 1 4 5],[ 0.         17.25836817  6.19341441 21.58969654]
[4 0 6 5],[27.74368612  0.          0.         13.0371879 ]
[3 0 6 5],[23.78844382  0.          0.         16.08716865]
[6 3 6 5],[ 0.         15.01473748  0.         11.68543619]
[4 3 1 3],[20.89122726  2.25       10.98904014 24.82907202]
[4 3 1 1],[19.77099315 31.73760138 15.56140543 19.82212341]
[1 3 1 1],[25.55519723 25.77769964 24.7368365  24.16811824]
[1 3 1 4],[23.10747429 27.96538026 22.47496848 23.8840173 ]
[1 4 1 4],[21.97550594 22.10440094 21.87657008 31.65801651]
[0 5 0 1],[ 0.         38.78775066 29.07650372 30.93453529]
[0 5 0 5],[0.         0.         0.         9.65602227]
[0 5 0 6],[16.70632226 39.71711191 20.97759545  0.        ]
[0 6 0 6],[32.34285424  0.         37.94931465  0.        ]
[2 0 4 2],[38.96422994 20.35632966 38.51067118 40.49236842]
[3 0 4 1],[24.5428838  31.60368373 32.0717637  26.32145084]
[6 1 2 2],[ 0.         31.29775838 36.28306293 20.78196899]
[0 4 6 1],[36.12889336 30.63566847  0.         25.48438808]
[5 1 6 0],[27.94507068 24.54812317  0.          5.76439799]
[4 3 6 0],[25.50456296 21.27033288  0.         27.31277321]
[1 0 5 3],[12.13420627  0.         32.56554164 20.11149983]
[3 0 5 3],[-2.5        5.         0.        20.4356549]
[4 0 5 3],[ 2.1375      0.         24.06163558  0.        ]
[3 0 1 4],[28.02461534 22.08157965 27.06528158 32.10318316]
[6 2 1 2],[ 0.         33.96206938 29.78968106 33.5951624 ]
[6 2 3 2],[ 0.          0.         21.02804639 29.79928752]
[5 5 0 1],[18.57150904  0.          0.         15.52109459]
[5 5 0 4],[ 0.         10.98294875  0.          0.        ]
[1 5 0 4],[ 8.46773069 17.73646033  0.         31.95288827]
[3 5 0 4],[21.85496281  0.          0.          0.        ]
[1 5 0 1],[32.09382111 30.18091707  0.         29.40812766]
[3 0 4 3],[30.08563964 18.35655376 26.79350272 27.04118044]
[2 0 2 3],[43.36809486  0.         19.32354566 19.57189594]
[0 1 1 3],[22.58057899 26.2547105  25.61316935 33.16297725]
[0 4 4 3],[18.90696676 25.46155706 22.85882449 30.94290025]
[0 4 1 3],[ 0.         25.29228924 23.92181664 27.56688739]
[0 4 1 1],[33.66694956 29.6360344  37.27477818 30.2200019 ]
[2 0 2 1],[41.80805135 35.67263549 42.16255493 40.33847028]
[2 0 2 4],[39.98515078  0.         38.55558778 34.96803014]
[3 3 6 0],[21.49922499 23.26416787  0.         16.76753203]
[1 3 6 0],[21.31254201 24.24319689  0.         28.76294072]
[3 4 6 0],[30.74386969 22.22333269  0.          9.37029155]
[0 3 6 5],[ 0.        22.6184239  0.        -0.25     ]
[3 3 6 1],[14.01774584 22.0494514   0.          9.3766838 ]
[3 3 6 4],[17.26256235 11.89158182  0.          8.13362326]
[6 5 6 3],[ 0.          9.88134961  0.         10.22316742]
[6 5 4 4],[ 0.         12.98716688 17.15684686 20.93585967]
[6 4 5 1],[ 0.         25.55933388 19.02556029 15.39000867]
[3 2 2 0],[20.02579123 39.85301092 44.50569675  0.        ]
[4 2 2 0],[19.49197119 41.8129676  30.31572216  0.        ]
[1 2 2 0],[40.84730319 41.54521141 43.24539458 19.49376452]
[3 5 1 0],[26.3112116  0.        -2.5        0.       ]
[3 5 4 0],[18.0238854  29.72302123  0.          0.        ]
[1 5 4 0],[32.89058196 20.72484129 18.93146971  9.20370065]
[6 3 5 0],[ 0.          0.         26.17786592  0.        ]
[4 4 6 4],[17.92650424 23.55908251  0.         20.23022377]
[1 1 6 4],[18.34557375 23.67301116  0.         22.65400586]
[4 1 6 1],[26.68223222 17.97314502  0.         18.08336424]
[5 4 6 4],[-2.5         7.29287873  0.         17.21797662]
[4 0 5 1],[19.00123345  0.         36.26173049 33.84935535]
[4 0 5 4],[24.37209116  0.         30.46751459 11.41568735]
[0 0 5 3],[ 5.          0.         35.04543306 27.72420342]
[0 0 5 1],[15.85035294 29.87383602 34.18293899 33.71882653]
[0 0 5 5],[ 0.          0.          0.         25.42991656]
[1 5 6 6],[13.37084932 13.78087902  0.          0.        ]
[3 0 4 6],[33.37475231 25.15094395 27.89837641  0.        ]
[4 0 3 5],[-2.5        0.         0.        26.7066057]
[1 3 3 5],[ 0.          0.         17.08134552  0.        ]
[4 3 3 5],[0. 0. 0. 0.]
[4 3 1 5],[11.72000113  0.          0.          0.        ]
[1 3 1 5],[10.79241642  0.         14.15995664 19.37776275]
[0 0 5 4],[ 0.          5.         34.0144892  37.61904675]
[5 0 1 1],[35.92507063  5.         28.52284085 28.95837164]
[3 0 1 5],[23.11755677  9.8876751  16.79998007  0.        ]
[6 4 3 5],[ 0.          8.72786239 -2.5        18.94415513]
[4 1 3 5],[-0.10247745  0.          0.          0.        ]
[1 4 3 4],[23.54101065 18.63258532 23.11497401 22.99959887]
[4 2 2 3],[ 0.         13.22059356  0.          0.        ]
[4 4 1 3],[20.15797451 18.85150431 13.65863594 35.24016245]
[5 0 1 4],[35.31006959  0.         24.52076343 22.00399951]
[3 5 0 0],[37.75129433  0.          0.          0.        ]
[6 1 5 3],[ 0.          0.         13.94194786 20.83356805]
[6 1 5 5],[0. 0. 0. 0.]
[0 6 4 3],[19.92281148  0.         25.03037038 32.50861204]
[0 6 4 4],[20.0576241   0.         32.23663766 28.17700803]
[0 6 4 5],[ 0.          0.         10.56262733 25.81955143]
[0 6 1 5],[ 5.          0.          5.09802788 31.65647948]
[0 1 4 3],[25.18929514 24.08412942 26.89760489 33.53345894]
[0 1 4 4],[42.22078923 28.74670474 28.17706572 25.08837691]
[5 6 3 4],[16.28800718  0.          0.          0.        ]
[5 1 6 1],[17.97278505 19.19246953  0.         24.63137817]
[4 5 4 0],[22.08902559 29.03908321 24.97735837  0.        ]
[3 6 4 0],[29.33838845  0.         22.92948157  5.        ]
[0 5 1 0],[ 0.         38.54479521 30.20450734  0.        ]
[5 0 3 6],[26.30619824  0.         -2.5         0.        ]
[5 0 4 6],[30.35066122  0.         21.69060876  0.        ]
[0 6 5 3],[ 0.          0.         24.77725918 -2.5       ]
[0 6 5 4],[ 5.          0.         14.9029787  31.81840043]
[3 6 5 4],[10.30875496  0.          0.          0.        ]
[3 6 5 1],[-3.725625    0.          0.         10.07777782]
[4 6 1 1],[16.2107839   0.         26.60953899 11.17672361]
[4 6 4 1],[16.24805829  0.         25.04007184 24.65733925]
[0 6 3 1],[32.60223112  0.         25.64916649 23.05494287]
[3 6 1 6],[17.27741372  0.         14.98083064  0.        ]
[1 6 1 6],[14.30523431  0.         12.4082272   0.        ]
[4 3 3 4],[ 0.         16.87995256 20.64770281  4.42416952]
[3 1 4 1],[19.87869528 17.80034189 21.78740466 22.58031422]
[3 1 4 4],[37.53125448  8.0648532  22.75740018 15.85281197]
[3 4 3 4],[18.06381073 29.0768052  17.85216114 15.19841178]
[4 4 3 4],[21.62940203 33.94791197 19.36174441 13.05062465]
[4 4 3 1],[19.59792218 22.30735683 15.0458118  31.0527605 ]
[6 0 5 5],[ 0.          0.          0.         22.59592953]
[1 6 4 4],[16.57913245  0.         19.24230393 32.52081608]
[1 6 2 2],[21.92237175  0.         40.76227965  0.        ]
[5 6 6 6],[10.78772504  0.          0.          0.        ]
[0 5 0 3],[ 0.         35.88915322  0.         23.94131354]
[3 4 0 4],[23.01759017 31.93667398 16.80970061 24.08290542]
[1 2 6 2],[28.96298268 31.58589386  0.         37.61027555]
[6 5 6 5],[ 0.         11.97091851  0.         -2.5       ]
[4 1 4 6],[22.83965075 24.3205156  22.52244838  0.        ]
[3 6 0 6],[23.09553684  0.         24.49607477  0.        ]
[1 6 0 6],[32.6067262   0.         28.82707856  0.        ]
[4 6 0 6],[26.92303754  0.         31.4291347   0.        ]
[5 6 0 6],[28.35092637  0.         20.46369631  0.        ]
[4 6 3 6],[24.54766848  0.         18.48641065  0.        ]
[1 6 3 6],[17.0071002   0.         15.80951876  0.        ]
[3 6 3 6],[17.71789715  0.         17.72291471  0.        ]
[0 6 3 6],[29.47248127  0.         30.78693315  0.        ]
[0 6 1 6],[29.02168477  0.         24.35523652  0.        ]
[0 6 4 6],[27.72702184  0.         27.03839507  0.        ]
[4 6 1 6],[15.50656368  0.         26.53016182  0.        ]
[5 6 1 6],[17.73372735  0.         15.81372379  0.        ]
[3 4 6 3],[19.15280705  2.03355938  0.         17.69961717]
[4 4 6 3],[15.12910067 15.08709369  0.         21.91389677]
[0 4 6 3],[ 0.         36.71646138  0.         29.00980615]
[3 5 6 0],[23.53100647  0.          0.          0.        ]
[1 5 6 0],[23.32324599 25.59589628  0.          0.        ]
[4 5 6 0],[ 8.5762301  28.87659382  0.          0.        ]
[0 1 6 4],[30.95797103 28.14222412  0.         39.01652025]
[0 1 6 3],[32.20867869 30.41636157  0.         36.11002215]
[0 1 6 5],[ 5.          0.          0.         25.76912406]
[3 0 5 1],[30.45795095  0.         17.84667484 16.05655215]
[5 6 6 3],[ 3.87591138  0.          0.         20.17153028]
[1 6 6 5],[19.48706281  0.          0.         13.39913195]
[5 4 0 1],[34.38392972 11.03493829  0.         26.6858924 ]
[5 1 3 1],[20.70901013  0.          0.         -2.5       ]
[5 1 3 4],[13.12592419 20.90508275  0.          0.        ]
[1 4 4 1],[25.56122958 30.33129412 24.33350839 25.36711865]
[1 3 4 1],[19.94929857 19.01607851 24.27677084 19.25664028]
[1 5 1 6],[18.38209838 17.95953204 17.87109247  0.        ]
[0 5 6 0],[16.63853788 36.37911459  0.          5.10487131]
[3 6 1 3],[24.82780314  0.          0.         12.52855111]
[1 6 1 3],[21.4890951   0.         18.20434002 16.73801669]
[0 5 4 0],[ 0.         39.77357964 32.905052    5.        ]
[0 5 4 3],[ 5.   0.   0.  -2.5]
[3 5 4 3],[-0.85657329  0.          0.          0.        ]
[4 2 0 2],[38.88760253 19.56199736  0.         34.77495895]
[1 2 0 2],[41.62410925 44.72375331 19.88293381 41.12667343]
[4 4 0 4],[27.466419   32.57526221 28.89020482 32.99681471]
[2 2 0 4],[46.94566973 37.13733435  0.         35.30847473]
[3 0 4 4],[25.23748382 21.47921463 25.64933098 37.46625595]
[4 3 4 1],[22.88020604 19.70373332 22.6056429  20.08628437]
[4 3 4 4],[23.00887365 35.43520121 22.33879007 23.09053919]
[1 3 4 4],[16.16456468 19.07910618 22.5775082  15.0727151 ]
[1 4 1 1],[23.91110771 34.1563582  32.10238877 24.01607099]
[1 6 4 6],[16.22484375  0.         17.00994286  0.        ]
[5 0 4 1],[31.89115205 16.54329007 -2.5         0.        ]
[5 0 1 6],[34.82845909 18.90775627 25.09699375  0.        ]
[1 0 5 5],[ 5.9274673   0.          0.         20.90018641]
[5 0 0 5],[30.96264354  0.          0.         11.67542518]
[4 5 6 6],[13.70070831 11.39372404  0.          0.        ]
[2 1 3 2],[35.95663726  3.17599748 16.98869964 13.09358722]
[1 1 4 4],[28.56424275 26.35379234 26.13048718 36.57475271]
[6 5 4 5],[0.         7.50750384 0.         0.        ]
[6 5 1 5],[0.         0.         0.         5.44007984]
[6 5 5 1],[ 0.         10.99260572  0.          0.        ]
[0 4 4 6],[31.07515903 26.03348783 27.68243966  0.        ]
[3 6 4 6],[17.32183378  0.         18.1890346   0.        ]
[4 6 4 6],[25.48940565  0.         17.47665031  0.        ]
[0 6 5 6],[22.96056342  0.         28.42194086  0.        ]
[0 1 1 6],[31.76442168 32.28401034 27.41480116  0.        ]
[0 4 1 6],[26.44832641 35.91538908 26.10289371  0.        ]
[2 2 1 6],[35.81514176 27.86165427 27.99067936  0.        ]
[0 3 1 1],[30.3969078  27.896401   26.92681826 26.7833644 ]
[3 1 4 6],[23.25021182 21.74383473 24.14488673  0.        ]
[5 1 1 6],[22.43919014 17.09360864 19.92738633  0.        ]
[2 2 4 0],[39.1499148  42.95021796 37.50007899  0.        ]
[2 2 1 0],[39.1973524  44.85582366 36.89571869  0.        ]
[3 5 0 6],[10.82951729 24.23635427  0.          0.        ]
[5 0 4 4],[28.09927401  0.         19.95657823 19.81091194]
[4 3 1 4],[20.91148979 37.69305515 21.00871388 21.48844544]
[3 3 1 4],[19.28076015 -2.5        19.02077307 26.89470557]
[4 3 2 2],[15.84506634 25.83560524  0.         16.41395904]
[1 3 2 2],[ 0.          0.          0.         37.40524407]
[0 4 4 1],[36.584951   33.72651221 29.70970986 31.69582998]
[0 2 4 2],[12.18854532 42.37068514  0.         40.22329003]
[0 2 1 2],[25.41486109 35.05568031 24.82122005 43.1098865 ]
[0 1 1 1],[33.45494582 26.35232999 31.5461555  31.40847349]
[0 1 4 1],[30.39883393 30.57857773 39.37010789 27.68906285]
[4 5 1 6],[19.829655  0.        0.        0.      ]
[2 0 2 5],[39.22812048  0.          0.          0.        ]
[0 4 3 6],[12.19615538 22.39885256 31.00732066  0.        ]
[0 2 2 6],[19.45970856 38.24633477 39.15739015  0.        ]
[0 6 5 0],[ 0.          0.         30.36817711  0.        ]
[0 6 6 3],[25.27010375  0.          0.         28.00837297]
[0 6 6 4],[32.9641529   0.          0.         27.02872246]
[0 6 6 1],[28.70514477  0.          0.         33.22423211]
[0 1 3 4],[18.44106307 23.71795775 31.69036613 22.49795213]
[0 1 3 1],[31.83588405 35.13930734 31.27111082 36.05021146]
[3 4 4 1],[20.0052229  23.90692675 26.1376167  23.88155147]
[3 1 1 4],[22.75804505 21.05033222  9.57657596 27.08747976]
[5 1 1 1],[22.33382035 19.7130886   6.15441188 11.26793191]
[5 4 4 1],[28.57740285  5.64589296  0.          4.53200724]
[2 4 4 2],[32.30855065  0.          0.          0.        ]
[2 1 1 2],[42.54585062 34.99491931 26.7507789  33.25620955]
[2 3 2 4],[34.41105201  0.         26.20387246  0.        ]
[3 3 4 4],[22.07515416  7.84368897 12.61521188  0.        ]
[3 4 4 4],[21.35632749 16.07179488 16.30155636  8.39197353]
[4 4 4 4],[28.35121964 21.00125023 15.70669958 26.08786786]
[3 4 4 6],[20.52854425 19.051938    8.68842695  0.        ]
[5 3 0 1],[32.97368007  0.          0.         15.29410976]
[0 1 3 6],[24.71586632 26.07034865 29.14363726  0.        ]
[0 1 4 6],[32.9983165  30.6342223  29.82444298  0.        ]
[1 3 5 6],[10.97494459  0.         19.76708042  0.        ]
[5 4 1 6],[25.78333944 11.8355763   0.          0.        ]
[3 5 1 6],[10.36722755 20.73311358  0.          0.        ]
[4 4 1 1],[22.43940052 22.09135569 24.95886629 24.71842698]
[2 4 1 2],[38.78219767 26.49875205  0.          0.        ]
[4 4 4 1],[26.89501433 23.27805384 24.29224668 24.55337045]
[0 6 0 5],[ 9.27729906  0.          0.         34.43591612]
[3 5 6 6],[13.76495869  3.96932069  0.          0.        ]
[5 4 6 6],[10.20144102 15.65490467  0.          0.        ]
[6 5 4 0],[ 0.         31.08491967 16.24206877  5.        ]
[6 5 2 2],[ 0.          0.          0.         27.28923447]
[1 3 5 1],[-2.5        21.4036784  13.07288867  1.93417278]
[1 3 5 4],[12.94381118  8.650865    0.         12.31034862]
[1 4 5 4],[ 6.79693675 18.72216598  0.         15.10430389]
[1 1 5 1],[19.95574609 20.67656061 26.41664357 18.86311247]
[1 4 0 5],[25.57064324 18.13245361  0.         31.91071248]
[4 4 0 5],[28.42695455 18.65841096  0.          0.        ]
[0 4 0 5],[ 6.125      26.20479615 17.70086794 31.21697286]
[0 5 3 0],[ 9.5         0.         30.99284621  5.        ]
[5 0 6 1],[31.19464911  0.          0.         23.96599794]
[4 1 1 3],[22.0315841  14.61064268 26.22363882 22.18889433]
[3 1 1 3],[24.7399684   7.57120282 19.33561458 14.0720755 ]
[6 5 3 4],[ 0.         13.933023   10.42863082  0.        ]
[4 1 6 4],[22.25050202 27.67225999  0.         22.90734976]
[4 4 6 1],[15.60751436 21.27654682  0.         21.79965994]
[6 2 4 2],[ 0.         40.86317988 27.83499759 31.56015118]
[6 4 5 3],[ 0.          0.         21.81061791 -2.5       ]
[6 4 5 4],[ 0.          0.          6.0930987  24.30868082]
[4 2 6 2],[22.89827308 18.3222841   0.         32.73914089]
[1 5 1 0],[24.72200117 34.31265937 23.07761527  5.        ]
[4 6 4 0],[39.32192842  0.         27.64169714 23.28474615]
[0 3 0 5],[ 8.75       30.22749763  0.         27.69971381]
[3 3 0 5],[10.69272238  0.          0.          0.        ]
[5 4 0 6],[26.38398891 21.71371204 10.73463993  0.        ]
[0 5 0 4],[ 0.         36.1008609   5.         32.79878197]
[3 3 5 3],[0. 0. 0. 0.]
[1 3 0 5],[-2.5        36.42225558  5.         19.94557958]
[4 3 0 5],[ 0.         17.32334849  0.          0.        ]
[4 1 0 5],[11.8412425   9.75140037  0.         31.47655599]
[2 6 2 6],[33.38146727  0.         33.90962133  0.        ]
[0 3 3 1],[25.92402696 32.1624911  28.39633244 21.75261535]
[0 4 1 4],[31.52091188 28.25100175 27.46355361 35.24293646]
[5 3 1 0],[34.18940433  0.          0.          0.        ]
[5 3 4 0],[25.09251617  0.          0.          0.        ]
[3 3 3 6],[17.87747389  0.          7.73665209  0.        ]
[5 1 3 6],[17.57512362  0.          1.72853544  0.        ]
[5 0 5 6],[28.57201299  0.          0.          0.        ]
[1 2 2 1],[13.73725584 40.09889849 39.434098   36.51327473]
[1 4 4 4],[22.23286027 23.43520433 23.25995006 22.73108149]
[4 1 1 1],[18.33503536 18.36427564 19.0000811  18.91642278]
[3 1 1 1],[43.79056948 18.37856072 26.91167691 30.47403529]
[1 4 3 3],[19.88595414 20.82374907 12.3230887  19.4234426 ]
[1 1 5 6],[14.25369782 19.27188571 23.73352754  0.        ]
[3 2 2 1],[39.30753473  0.          0.          0.        ]
[2 1 4 2],[36.75092586 21.60165319 34.00420868  0.        ]
[2 0 2 6],[38.09548626 16.98116273 42.22576192  0.        ]
[5 3 6 1],[20.74595014  8.76105108  0.          6.53114127]
[0 3 4 1],[24.65940836 31.65290225 26.6568272  29.23953539]
[0 3 4 4],[32.48699566 27.21448138 26.78489677 29.22518233]
[2 6 6 2],[34.66898193  0.          0.         23.88257383]
[3 6 6 1],[12.86731719  0.          0.         18.44556978]
[2 3 6 2],[16.69888965  5.99713124  0.         28.02816245]
[0 4 3 1],[40.19599701 36.04671562 32.77698291 28.64304382]
[5 3 1 1],[22.85991385 11.49532232  0.          2.41938837]
[5 3 4 1],[33.54786126  0.          0.          0.        ]
[4 5 3 6],[ 2.49620202 15.52381655  0.          0.        ]
[3 4 3 6],[18.84422466 13.88546804  7.7704382   0.        ]
[0 3 3 4],[ 6.53771319 25.17974095 24.86037089 17.93947007]
[0 3 3 5],[ 0.          0.         14.88634421 -2.5       ]
[1 5 6 1],[15.08103645 17.95678201  0.         13.62190333]
[1 5 6 4],[13.39988011 17.09259639  0.         21.04021895]
[4 2 2 6],[19.73700097 30.91280324 26.95353917  0.        ]
[3 4 1 4],[ 6.76033174 20.80648267 10.89898602 27.70209937]
[5 4 1 4],[22.69448018  0.          0.          0.        ]
[5 4 3 1],[25.12703022  0.         12.69688474  0.        ]
[0 4 3 4],[17.12591711 29.53952342 30.7770996  35.55219445]
[2 2 1 1],[35.54775863 24.24923979 30.36671397 24.74743461]
[1 2 1 2],[32.70208921 38.21927898 29.48236205 31.77291144]
[4 2 1 2],[ 4.5125     31.88704573 20.35527796 34.10196198]
[0 4 5 0],[ 9.50996004 23.52741323 27.56731429  6.51875   ]
[4 2 2 1],[23.13568329 27.21564979 41.15400848 22.58372005]
[0 3 4 3],[ 0.         36.8811312   0.52575383 25.42184497]
[0 1 5 3],[ 0.          0.         23.39542759 -2.5       ]
[0 1 5 4],[ 5.         11.62177618 32.69855075 23.57951652]
[0 1 5 1],[ 0.         17.92183516 30.3544393  27.78795868]
[0 1 5 5],[0. 0. 0. 0.]
[0 4 5 1],[ 0.         11.19195831  0.         25.00836814]
[2 4 0 2],[45.50479974 32.29424759  5.         35.23525095]
[1 6 4 5],[-2.5         0.          0.         23.03381216]
[4 2 2 4],[13.47536223 32.57335026  0.         -2.5       ]
[1 5 6 3],[11.0348508  24.89225704  0.          0.        ]
[5 6 3 6],[17.39392998  0.          0.          0.        ]
[0 5 1 6],[ 0.         32.12441104 22.06283037  0.        ]
[1 5 3 1],[ 6.2716322  19.61878478 17.57591802  0.        ]
[1 5 3 4],[ 0.        21.6624935  0.         0.       ]
[2 1 0 2],[42.89563393 40.44223692  0.         50.53863918]
[2 2 3 1],[17.02885932 39.19221161 11.85883856  0.        ]
[3 0 3 5],[ 7.74474971  0.         22.18151623 17.08575337]
[5 4 0 4],[30.20250355  0.          0.          0.        ]
[0 5 4 6],[ 7.5        16.5987879  31.14028438  0.        ]
[3 5 4 6],[-2.5         9.81115932  0.          0.        ]
[5 5 3 6],[-0.30388712  0.          0.          0.        ]
[6 5 5 0],[ 0.    0.   -0.25  0.  ]
[3 4 6 1],[20.70761141 16.64075381  0.         16.68473099]
[3 1 6 3],[26.38778843 15.46220671  0.         19.96668611]
[5 1 6 3],[15.51953808  0.          0.          0.        ]
[0 0 3 5],[ 0.          0.         25.44484532 34.17735252]
[2 4 2 1],[39.93887499 30.95459056 17.13379178 17.9659584 ]
[2 4 2 4],[35.92828574  0.          0.          3.91683993]
[1 6 5 6],[14.87311108  0.         23.29911067  0.        ]
[4 6 5 6],[15.77129795  0.         16.98936882  0.        ]
[5 6 0 1],[29.53217754  0.          0.         24.38785724]
[5 1 4 4],[ 0.          3.16730973  0.         31.21305381]
[0 4 4 4],[ 0.         27.46110456 31.16031132 31.39668536]
[4 1 5 6],[21.8511656   8.36188491 15.20497194  0.        ]
[5 6 6 1],[15.73133816  0.          0.         20.66722191]
[5 6 6 4],[18.45051535  0.          0.          0.        ]
[2 4 2 6],[30.63850022 13.74268511 30.03160123  0.        ]
[3 6 6 4],[14.25428171  0.          0.         22.48538135]
[4 1 1 4],[24.63297782 25.70036831 16.37597971 21.94276649]
[3 5 1 4],[12.76059922  0.          0.          0.        ]
[0 2 0 2],[30.89582325 44.43912756 21.9591388  47.07331008]
[3 2 0 2],[47.54240211  0.          0.          0.        ]
[5 2 0 2],[ 0.          0.          0.         31.09906288]
[2 6 0 2],[38.9242888   0.          8.830625   44.16288778]
[4 6 6 5],[ 6.77165118  0.          0.         11.33188659]
[0 6 6 5],[ 0.          0.          0.         21.63524677]
[0 5 3 6],[ 0.         26.67735924 18.44888994  0.        ]
[5 6 0 4],[25.0759169  0.         0.        14.767112 ]
[0 3 5 4],[ 0.          0.         28.15620228  0.        ]
[0 3 5 1],[ 7.63351881 14.01612447 28.44231407 15.0288014 ]
[3 3 5 1],[ 5.21691546  0.         11.8278461   0.        ]
[0 3 1 4],[25.82570631 26.45605093 24.82939848 25.56757026]
[0 1 1 4],[24.46022942 25.01372339 26.65199942 30.20273582]
[5 0 1 5],[5.88722107e-03 0.00000000e+00 0.00000000e+00 2.01576532e+01]
[5 4 6 3],[12.21935784  4.85749868  0.          0.        ]
[1 2 3 2],[24.61049615 35.65232348 13.87110862 23.77707273]
[2 2 6 0],[37.67042087 36.94789642  0.          9.76501708]
[5 1 6 4],[22.39600023  0.          0.          0.        ]
[0 3 2 2],[ 0.          0.         37.87958635 38.95510286]
[4 1 3 3],[23.79497312  0.         12.34020862  6.90917931]
[0 1 3 3],[ 7.8473976  23.05058833 26.9117717  23.12184933]
[0 4 3 3],[12.74401095 25.82282194 24.47862813 27.57227551]
[0 2 3 2],[11.11272703 29.7200771   8.48936302 46.45937854]
[3 2 3 2],[1.24930679 0.         0.         0.        ]
[4 2 3 2],[28.19668211 12.07574802  0.          0.        ]
[3 5 6 1],[21.62605441 13.30849588  0.          8.63865652]
[3 5 6 4],[14.23290625  0.          0.          0.        ]
[2 2 5 0],[17.59846571  0.          0.          0.        ]
[1 4 5 0],[ 0.         19.87489308 33.11931015  0.        ]
[1 1 5 0],[25.0408426  18.36213464 29.684141   13.64989678]
[3 3 2 2],[34.40706762  0.          5.          0.        ]
[5 4 4 0],[28.50591056  0.          0.          0.        ]
[5 0 4 3],[23.16939789  0.          0.         24.68422993]
[4 3 4 3],[ 5.88412916  0.          6.00178481 21.01224581]
[1 1 5 3],[ 0.          0.         20.98359088  0.        ]
[4 1 4 4],[26.92218992 19.46812793 27.83802633 23.86075867]
[1 6 5 1],[18.03413179  0.         11.04771362 16.87596092]
[4 5 1 0],[30.4557844  16.83036715 20.05780142  0.        ]
[3 6 6 5],[20.12552389  0.          0.          5.51139206]
[4 4 3 3],[ 0.          9.74568271 23.10247145  0.        ]
[3 4 3 3],[21.80880064  0.          0.          0.        ]
[3 1 3 3],[-2.5         6.96734973  0.          0.        ]
[0 6 3 4],[ 0.          0.         23.75592505 19.46686297]
[0 6 3 5],[ 5.          0.          0.         21.54559619]
[1 6 4 3],[-2.5         0.          7.36617281 23.63690552]
[5 1 0 5],[12.71983006  0.          0.          0.        ]
[1 5 0 5],[22.36221208  0.          0.          0.        ]
[2 1 2 4],[41.56931763 11.15289054 15.85696158 20.35343057]
[0 6 5 5],[0. 0. 0. 0.]
[0 6 5 1],[20.99127435  0.         28.70889789 24.1398813 ]
[5 1 3 5],[5.55088251 0.         0.         0.        ]
[1 1 3 5],[-2.5         0.         21.71213192  0.        ]
[1 4 3 5],[ 5.80335703  0.         13.62367029  0.        ]
[3 4 3 5],[0. 0. 0. 0.]
[3 1 3 5],[-2.5    -2.5    -1.4875  0.    ]
[4 5 0 4],[ 5.78647667 29.12567892  0.         16.88591981]
[5 0 5 0],[30.2127183   0.         20.66448929  0.        ]
[1 1 1 5],[18.94667514  6.04401356 23.60541108 22.39120199]
[1 1 4 5],[-0.125       4.41009972 27.85553212 17.37867497]
[1 4 4 5],[19.32307983 -2.5         0.         24.40105566]
[0 5 6 1],[18.94449594 27.74190689  0.         24.55511091]
[1 6 5 4],[ 4.286875   0.        20.6967691  0.       ]
[3 5 1 1],[24.03774549  0.          0.          0.        ]
[4 5 1 1],[14.80033912 32.75106839  0.         22.15139985]
[3 6 1 4],[19.87918861  0.         15.95451167 22.53688367]
[3 6 4 4],[23.54482957  0.          0.          0.        ]
[3 4 5 0],[10.02213343  0.         16.53621179  0.        ]
[4 6 3 5],[9.93227763 0.         0.         0.        ]
[2 1 2 6],[33.01106037 29.11953134 32.56502001  0.        ]
[2 0 6 2],[40.50705342  7.69870906  0.         39.18019952]
[0 3 4 5],[ 0.          0.          0.         25.94590948]
[5 3 1 4],[16.39485465  6.46209812  0.          0.        ]
[5 4 6 1],[19.30970284  0.          0.          0.        ]
[6 3 3 5],[ 0.          0.          0.         18.23842941]
[3 6 4 3],[-2.5        0.        20.997899  20.8449381]
[4 6 4 3],[ 0.          0.         12.90431756 36.11516117]
[3 1 5 0],[ 0.          0.         21.29458894  0.        ]
[5 3 4 4],[19.72473728  0.          0.         11.84273882]
[2 3 2 1],[34.6061141  23.41937185 15.38813717  0.        ]
[1 2 2 4],[ 3.75       35.67734237 23.47978298 23.06206456]
[2 2 4 6],[37.83401541 15.92879916 20.09875021  0.        ]
[2 1 2 1],[37.13868687 33.11448471 32.69234104 15.07037726]
[4 2 4 2],[33.8378617   0.          0.         16.77401579]
[1 2 4 2],[17.42236232 30.51632199 30.74368422 36.88904466]
[1 4 2 2],[13.50581184 16.65852953 37.67339769 16.43527397]
[1 3 5 3],[3.13429982 0.         0.         8.89359893]
[0 5 6 4],[12.67378924 16.59326215  0.         26.70282356]
[0 3 5 3],[5. 0. 0. 0.]
[4 5 0 1],[25.36481459 14.64222334  0.         21.37171376]
[5 6 4 6],[17.45821388  0.         13.84045138  0.        ]
[0 5 6 3],[ 0.         27.37259004  0.          0.        ]
[4 6 5 1],[21.47928401  0.          0.          0.        ]
[3 6 5 6],[11.46744052  0.         16.85067163  0.        ]
[3 0 5 4],[29.58416098  0.          0.         13.49506938]
[2 6 2 0],[42.85425223  0.         15.83916162  0.        ]
[1 6 5 0],[26.24706395  0.         32.29893661 13.36658571]
[4 6 5 0],[-2.5         0.         34.36062543  0.        ]
[5 6 5 0],[0. 0. 0. 0.]
[5 1 0 3],[13.5378145   8.77743746  0.         29.00188409]
[1 5 4 6],[14.27290159 21.62215147  8.87004915  0.        ]
[6 2 2 3],[ 0.          0.          0.         32.60768652]
[2 2 3 4],[28.71457972 12.50009787  0.          0.        ]
[1 5 1 3],[ 8.43038772 18.55274266  1.70370065  8.02713591]
[1 5 4 3],[ 0.         19.07675715  0.          0.        ]
[0 4 5 6],[ 5.          9.2900753  32.00658887  0.        ]
[5 3 3 6],[10.62132338  0.          0.          0.        ]
[6 6 5 5],[ 0.          0.          0.         12.18662595]
[3 4 1 1],[36.1318597  22.43312606 24.47704674 22.85158589]
[3 5 0 1],[26.20266903 11.59108703  0.         11.33986201]
[4 4 1 4],[25.23134185 26.58734084 15.32632172 21.69928665]
[5 2 2 4],[0. 5. 0. 0.]
[5 2 2 1],[23.24617343  0.          0.          0.        ]
[2 2 4 1],[29.04063441 31.03527188 35.55902459 15.60845878]
[1 5 4 5],[-0.25  0.    0.    0.  ]
[1 5 1 5],[-2.5        -2.5         4.5125     23.51975726]
[4 5 1 5],[ 0.         20.39962702  0.          0.        ]
[1 4 1 5],[-0.24375    17.65425819  8.20625     0.        ]
[2 3 2 6],[39.04002497  0.         21.52721932  0.        ]
[5 6 1 0],[29.21067336  0.         10.68918355  0.        ]
[5 3 3 0],[17.9678371   9.00793825  0.          0.        ]
[1 4 5 1],[ 9.70847292  0.         24.84342038  0.        ]
[4 3 5 1],[28.06223798  0.          0.          0.        ]
[4 1 5 1],[16.16615146  2.82947111 11.55070978  9.16213193]
[4 4 5 1],[27.73309911  0.          0.          0.        ]
[3 4 0 5],[-0.25        9.88786022  0.          0.        ]
[3 3 5 4],[ 0.         0.        11.4047555  0.       ]
[2 5 2 0],[36.0062404  0.         0.         0.       ]
[3 5 1 3],[2.25 0.   0.   0.  ]
[0 2 2 1],[21.39094811 40.54227603 43.84370339 39.98366714]
[5 3 2 2],[0. 0. 5. 0.]
[5 3 3 1],[17.93909707  0.          0.          0.        ]
[6 2 2 2],[ 0.          0.          0.         30.05721016]
[4 3 3 3],[-2.5        -2.5        23.00172347  0.        ]
[5 3 3 3],[0. 0. 0. 0.]
[0 1 5 6],[ 0.         23.58153013 28.3530613   0.        ]
[4 6 1 4],[19.59052056  0.         16.81020856 16.21519864]
[0 2 2 3],[ 0.         40.19937235 21.18157023 12.49727898]
[5 4 4 3],[-2.5  0.   0.   0. ]
[5 0 3 5],[10.79945231  0.          0.          0.        ]
[4 3 4 5],[8.18343419 0.         0.         0.        ]
[3 3 4 5],[0. 0. 0. 0.]
[1 3 4 5],[ 9.54489469  5.         16.78153284  9.62501523]
[1 4 5 6],[ 0.         18.34891817 24.59910322  0.        ]
[2 2 4 4],[34.22049823 15.60353919 25.63076048 25.85257314]
[4 5 4 3],[3.65205937 0.         0.         0.        ]
[0 2 6 2],[19.57305524 40.60343928  0.         40.97734141]
[2 1 2 3],[39.19349451 10.70175485  0.         18.01019734]
[0 1 2 2],[ 5.         34.58839515 35.61116704 43.90839766]
[3 1 2 2],[27.1423425  0.         0.         0.       ]
[1 1 2 2],[33.54317016 33.85698476 44.91000377 14.20725732]
[4 1 2 2],[37.34239934 28.06559719 18.81991273  0.        ]
[0 1 3 5],[ 0.         11.30423107 11.31936773 27.93441894]
[5 6 4 1],[20.29252298  0.          0.          0.        ]
[5 4 1 1],[23.91699701  0.          4.88448738  4.88448738]
[0 5 5 0],[ 0.         18.13275601 31.02757969  0.        ]
[4 5 6 4],[19.3214532  25.96907844  0.         11.91694786]
[5 3 6 4],[17.24513774  0.          0.          0.        ]
[4 4 1 5],[14.16974696  0.          7.25       11.73139851]
[3 1 6 5],[-2.5         5.5793723   0.         18.39799229]
[1 1 6 5],[14.073059   15.07175062  0.         22.56762283]
[4 1 6 5],[24.32654649  6.10324787  0.         12.5257802 ]
[5 1 6 5],[0. 0. 0. 0.]
[4 6 1 3],[ 2.35181275  0.         16.19474208 25.53349072]
[1 6 1 5],[ 9.8118018   0.          7.18609382 23.23836454]
[4 6 1 5],[12.89755331  0.          0.         11.27849927]
[2 2 1 4],[27.7329513  35.06939651 12.08095202 28.50055232]
[2 2 2 2],[39.48616392 20.57458432  0.          0.        ]
[5 2 1 2],[19.59654008  0.          0.         12.32673107]
[5 4 4 4],[20.47886849  0.          0.          0.        ]
[5 4 4 6],[5.79927876 0.         4.05990408 0.        ]
[1 5 4 4],[-2.5        19.40973804 15.37415116 11.20611503]
[2 6 2 3],[19.25882829  0.          0.          0.        ]
[4 6 2 2],[-2.5         0.          0.         30.69795531]
[3 4 1 5],[6.5778125 0.        0.        0.       ]
[3 3 3 4],[30.9453513  0.         0.         0.       ]
[0 3 1 5],[ 0.         -2.5        11.18723153 29.4658891 ]
[2 2 0 2],[26.91380493  0.          0.          0.        ]
[6 2 2 5],[ 0.          0.         13.72786239 12.97844473]
[3 1 5 1],[-0.25       -2.5        26.16406688  0.        ]
[0 4 1 5],[ 0.         23.31062834 20.57251324 32.93487523]
[2 3 3 2],[40.59221571  0.          0.          0.        ]
[4 5 4 1],[19.35429363  0.          0.          3.63162934]
[5 0 4 5],[14.95193721  0.          0.          0.        ]
[4 3 5 6],[7.47085537 0.         0.         0.        ]
[3 6 0 5],[ 0.          0.          0.         16.52237064]
[0 2 2 4],[ 0.         41.98750933 25.8765678  33.73877438]
[4 5 4 6],[-2.5        23.08675065  0.          0.        ]
[5 5 4 6],[-2.5  0.   0.   0. ]
[5 5 3 1],[-2.5  0.   0.   0. ]
[4 5 3 1],[17.45229522  0.          0.         11.63251308]
[4 5 3 4],[15.62606132  0.          0.          0.        ]
[0 4 3 5],[ 0.          0.         16.86798409 29.17384728]
[3 3 3 3],[11.91642685  0.          0.          7.79703528]
[5 1 5 1],[19.74496122  0.          0.          5.06383576]
[4 5 0 3],[29.54077766  0.          0.          0.        ]
[4 4 5 0],[25.87141172  0.          0.          0.        ]
[4 1 5 0],[25.22377016 24.31647556 31.63194694  0.        ]
[5 1 4 6],[20.03303633  0.          0.          0.        ]
[4 5 0 5],[18.2901027   0.          0.          8.04454474]
[2 3 4 2],[31.04763433  0.          0.         16.07607883]
[5 3 4 5],[0. 0. 0. 0.]
[3 1 1 5],[ 9.90908741 10.          0.          2.57037421]
[1 2 2 5],[ 0.          0.         18.49136094  0.        ]
[5 6 5 6],[14.53554793  0.          0.          0.        ]
[1 3 6 5],[ 8.07268668 14.27978776  0.         11.630868  ]
[4 3 6 5],[4.23701298 0.         0.         3.13236068]
[3 4 5 1],[-0.25        0.         30.11107205  0.        ]
[0 4 5 4],[ 5.         18.13187387 28.29977602  2.25      ]
[3 4 5 4],[0. 0. 0. 0.]
[3 1 5 4],[-2.5  0.   0.   0. ]
[4 1 5 4],[10.80194899 -0.66736094 23.26927081  0.        ]
[4 6 4 4],[16.62361943  0.         19.88898074 24.2689348 ]
[3 5 4 1],[4.81422475 0.         0.74152852 0.        ]
[4 5 4 4],[18.8211099   0.          8.91526258  0.        ]
[0 5 4 4],[ 0.         30.25914254  3.64187169 11.89932714]
[0 4 6 5],[ 0.         22.14205682  0.         31.1408159 ]
[2 2 5 6],[20.89179165  0.          0.          0.        ]
[1 5 5 0],[ 0.          0.         19.86867023  0.        ]
[5 2 2 6],[17.65227433  0.          0.          0.        ]
[0 5 3 1],[ 5.         29.8743161  17.78062444 11.78037673]
[3 5 3 1],[1.54664162 0.         0.         0.        ]
[6 5 5 6],[ 0.          0.         16.42683654  0.        ]
[2 4 3 2],[30.91157817  0.          0.          0.        ]
[5 1 4 1],[24.239231   0.         9.6843148  0.       ]
[4 3 5 4],[11.74299327  0.5625      0.          0.        ]
[5 6 4 0],[31.13131013  0.         -1.2282482   0.        ]
[3 6 3 5],[-2.5         0.          0.         15.19772845]
[1 6 3 5],[ 7.19074816  0.          0.         19.43628917]
[5 5 1 1],[0. 0. 0. 0.]
[0 5 1 1],[21.89645893 28.79721543 24.5794794  10.3064118 ]
[0 5 1 5],[5. 0. 0. 0.]
[4 4 5 4],[ 7.03626563 18.59905851  0.          1.83263906]
[2 2 5 4],[0. 0. 0. 0.]
[2 2 5 1],[28.28383935  0.          0.          0.        ]
[2 2 1 5],[29.31481766  0.          2.88901406  0.        ]
[3 1 5 6],[15.48881634  5.          8.80419903  0.        ]
[3 4 5 6],[-2.5  0.   0.   0. ]
[4 4 5 6],[15.30342569  0.          0.          0.        ]
[5 6 1 1],[28.91782266  0.          9.33879345  0.        ]
[4 1 1 5],[ 8.6935976   0.         11.7369575  29.42793327]
[5 1 1 5],[15.13753604  0.          0.          0.        ]
[1 5 1 4],[11.61677704  0.          8.29657769 24.749348  ]
[4 5 6 1],[21.40280742 21.59783698  0.          8.57319239]
[5 6 4 4],[14.67459454  0.          0.          0.        ]
[2 2 2 0],[23.32886679  0.          0.          0.        ]
[5 0 6 5],[20.82749083  0.          0.          0.        ]
[4 5 1 4],[ 9.19914442 24.88382699  0.         14.99832639]
[1 1 5 4],[-1.9375     10.895853   27.33756397  0.        ]
[2 2 3 3],[14.32186832  0.          0.          0.        ]
[3 6 5 0],[15.04566953  0.          0.          0.        ]
[5 4 1 0],[31.39985354 21.31855543 17.90261534  0.        ]
[2 6 1 2],[31.78726607  0.          0.          0.        ]
[2 6 4 2],[26.23127576  0.          0.         29.89941474]
[5 5 6 1],[8.5474935 0.        0.        0.       ]
[0 6 2 2],[ 5.          0.         21.30370486 41.93833505]
[5 5 6 6],[14.67531568  7.88421895  0.          0.        ]
[3 2 2 6],[14.80474774 32.13268569  0.          0.        ]
[0 5 4 1],[10.         34.62476133 13.02544325 16.41292564]
[3 5 4 4],[0. 0. 0. 0.]
[6 2 5 2],[ 0.          0.          0.         14.50902247]
[2 2 1 3],[32.25553035  0.          0.         14.30890002]
[0 1 1 5],[ 7.02107075 31.97811955 28.53864221 35.24569461]
[0 1 4 5],[ 0.          0.         14.65045938 27.70867137]
[0 4 2 2],[ 5.         35.10381548 20.22510333 48.06990133]
[2 0 2 2],[33.63941661  0.          0.          0.        ]
[3 4 2 2],[36.46267039  0.          0.          0.        ]
[4 4 2 2],[15.61371036 12.23676733 33.88199049 29.95784427]
[1 6 5 3],[ 0.         0.        15.9851489  0.       ]
[3 6 1 5],[-0.25  0.    0.    0.  ]
[5 6 4 5],[0. 0. 0. 0.]
[5 5 6 0],[-1.52249725  7.31104402  0.          0.        ]
[2 3 1 2],[22.35433264 11.29177589 10.05944969 39.85985629]
[0 4 4 5],[ 5.          0.         13.61239908 30.88043465]
[5 6 3 0],[15.51694358  0.          0.          0.        ]
[3 2 6 2],[26.84888273 18.46332417  0.          0.        ]
[5 0 5 4],[22.36856738  0.          0.          5.        ]
[2 2 6 3],[28.59435672  0.          0.         15.75908676]
[4 6 0 5],[ 0.          0.          0.         11.30365162]
[5 3 1 6],[18.76030416  0.          0.          0.        ]
[0 5 3 4],[ 0.          0.         -2.044375   24.03978536]
[2 2 0 5],[ 0.          0.          5.         26.14926654]
[2 2 3 5],[5. 0. 0. 0.]
[5 5 1 6],[16.37589769  0.          0.          0.        ]
[4 6 5 4],[ 0.          0.         13.55383259  0.        ]
[0 5 1 3],[ 0.         14.31350456  0.          0.        ]
[4 1 4 5],[ 0.          0.          0.         14.64270056]
[1 5 5 4],[0. 0. 0. 0.]
[5 6 5 1],[8.84428172 0.         0.         0.        ]
[0 4 5 3],[ 0.          0.          0.         11.84959359]
[2 6 2 1],[34.83728825  0.         23.8749287  13.2545277 ]
[3 2 4 2],[24.82005212  0.          0.          0.        ]
[5 4 3 4],[9.06680663 0.         0.         0.        ]
[3 2 1 2],[32.78272919  0.          0.          0.        ]
[0 5 3 3],[ 0.    0.   -0.25 -2.5 ]
[1 4 5 3],[-2.5         2.14216598  0.         13.44608556]
[2 2 1 2],[23.57591508  0.          0.          0.        ]
[5 1 1 4],[ 0.         11.06507034 13.13073344 31.79754865]
[2 0 5 2],[38.59495054  5.          0.          0.        ]
[2 6 2 4],[18.50968263  0.         28.51768975 10.78478499]
[4 2 2 5],[5. 0. 0. 0.]
[2 2 2 5],[-0.25  0.    0.    0.  ]
[0 5 1 4],[ 7.01136717 26.62672828  0.         12.82102425]
[5 2 3 2],[26.51075317  0.          0.          0.        ]
[4 5 5 0],[-1.42102727  3.46368604  0.          0.        ]
[3 5 5 0],[-0.25  0.    0.    0.  ]
[5 4 0 5],[13.03807121  0.          0.          0.        ]
[5 1 3 3],[0. 0. 0. 0.]
[3 1 4 5],[6.78509972 0.         0.         0.        ]
[3 2 2 3],[20.46227912  0.          0.          0.        ]
[5 3 1 5],[5.22418144 0.         0.         0.        ]
[3 1 5 3],[-2.5  0.   0.   0. ]
[3 4 5 3],[-2.5  0.   0.   0. ]
[4 4 5 3],[6.76899978 0.         0.         0.        ]
[5 6 2 2],[17.06725575  0.          0.          0.        ]
[3 6 2 2],[-2.5         0.          0.         22.15309531]
[5 5 0 3],[0.         3.03998624 0.         0.        ]
[3 2 2 4],[35.72793031  0.          0.          0.        ]
[4 4 4 5],[0. 0. 0. 0.]
[4 4 6 5],[ 0.          0.          0.         23.73552212]
[5 0 5 1],[16.58203592  0.          0.          0.        ]
[3 4 6 5],[ 0.          0.          0.         11.33039524]
[2 3 5 2],[9.23814586 0.         0.         0.        ]
[2 4 2 3],[19.70571632 17.8340215   0.          0.        ]
[0 5 6 5],[0. 0. 0. 0.]
[6 4 5 5],[0. 0. 0. 0.]
[5 6 6 5],[10.13297055  0.          0.          0.        ]
[3 5 1 5],[2.25 0.   0.   0.  ]
[1 5 3 5],[4.5125 0.     0.     0.    ]
[3 5 3 5],[2.25 0.   0.   0.  ]
[4 5 3 5],[ 0.   0.  -2.5  0. ]
[4 5 4 5],[2.5 0.  0.  0. ]
[3 5 4 5],[0. 0. 0. 0.]
[1 3 5 5],[0. 0. 0. 0.]
[5 5 1 0],[0. 0. 0. 0.]
[5 5 4 0],[10.48074346  0.          0.          0.        ]
[4 1 5 3],[12.22711774  0.          0.          0.        ]
[5 3 4 3],[0. 0. 0. 0.]
[5 3 1 3],[12.01300553  0.          0.          0.        ]
[4 5 6 3],[11.30212228 19.39395837  0.          0.        ]
[2 2 4 5],[10.37709474  0.          0.          0.        ]
[5 6 1 3],[13.6475082  0.         0.         0.       ]
[0 5 3 5],[ 0.          0.          0.         13.41408168]
[5 3 5 3],[0. 0. 0. 0.]
[4 5 1 3],[ 0.         14.68824596  0.          0.        ]
[2 5 4 2],[21.11743675  0.          0.          0.        ]
[5 3 3 4],[12.82430301  0.          0.          0.        ]
[2 5 6 2],[ 0.          0.          0.         25.21566258]
[2 5 2 1],[ 0.          0.         18.50653325  0.        ]
[0 5 4 5],[ 0.          0.          0.         14.16292564]
[5 1 2 2],[ 0.          0.         22.85913431  0.        ]
[5 4 3 6],[16.32523913  0.         10.09842059  0.        ]
[4 2 2 2],[ 0.          0.         11.48778883  0.        ]
[0 2 2 5],[ 0.          0.          0.         22.70491293]
[2 2 6 2],[13.81492262  0.          0.          0.        ]
[3 5 6 5],[0.         3.21593025 0.         0.        ]
[5 3 0 5],[13.46985352  0.          0.          0.        ]
[2 1 2 5],[16.23903361  0.          0.          0.        ]
[5 4 5 6],[0. 0. 0. 0.]
[2 4 2 5],[7.5 0.  0.  0. ]
[3 3 1 5],[13.79475758  0.          0.          0.        ]
[5 3 4 6],[11.88230987  0.          0.          0.        ]
[4 0 5 5],[14.40508389  0.          0.          0.        ]
[3 3 6 5],[-0.38736195  0.          0.          0.        ]
[3 4 4 5],[11.2669385  0.         0.         0.       ]
[5 3 6 3],[7.62368219 0.         0.         0.        ]
[5 5 6 4],[9.29564141 0.         0.         0.        ]
[2 2 5 3],[ 0.         10.50220298  0.          0.        ]
[2 2 4 2],[-2.5        17.58183985  0.          0.        ]
[5 2 4 2],[17.68883039  0.          0.          0.        ]
[2 2 2 4],[14.95817245  0.          0.          0.        ]
[2 2 2 1],[ 0.         16.56893446 16.23608325  0.        ]
[1 5 6 5],[15.90758312  0.          0.          0.        ]
[6 3 5 5],[ 0.          0.          0.         10.08923676]
[5 0 5 3],[18.65862912  0.          0.          0.        ]
[4 6 4 5],[0.         0.         0.         9.43590324]
[3 3 5 6],[7.69107642 0.         0.         0.        ]
[2 2 6 5],[13.77629445  0.          0.          0.        ]
[0 2 2 2],[ 0.          0.          0.         19.26622607]
